ingredients,recipe_list
almond meal,"['Summer Tomato and Ricotta Tart With Oat Pastry', 'Instant Pot Chicken Parmesan Meatballs', 'Almond Syrup Cake', 'Flourless Almond-Blueberry Muffins', 'Gluten-Free Crab Cakes with Snap Pea Salad', 'Madeleines with Lavender Honey', 'Ginger and Almond Bars', 'Cauliflower-Crust Pizza with Tomatoes and Mozzarella', 'Flourless Cacao Fudge Cake', 'Cauliflower Pizzas With Mozzarella, Kale, and Lemon']"
almonds,"['Maple and Chile Roasted Squash With Quinoa Tabouli', 'Chhena Poda (Spiced Cheesecake)', 'Spiced Lamb and Dill Yogurt Pasta', 'Nut Butter Granola Bars', 'Grilled Cauliflower Wedges With Herb Tarator', 'Summer Tomato and Ricotta Tart With Oat Pastry', 'Ancho Mole Cookies', 'Seed and Nut Bread', 'Carrot Ribbon Salad With Ginger, Parsley, and Dates', 'Sumac, Spelt, and Apple Cake', 'Chocolate-Almond Fridge Fudge', 'Buttery Bejeweled Rice', 'Lebkuchen (German Honey Bars)', 'Green Rice with Tomatoes, Eggs, and Almonds', 'Quick Breakfast Quinoa', 'Saffron Breakfast Kheer', 'Hazelnut Granola and Chia Pudding Bowls', 'Almond Syrup Cake', 'Flourless Almond-Blueberry Muffins', 'Rice with Parsley, Almonds, and Apricots', 'Granola Bark', 'Ginger and Almond Bars', 'Flourless Cacao Fudge Cake', 'Almond and Jam Tart', 'Slow-Cooker Oatmeal With Apples and Ginger', 'Cauliflower Pizzas With Mozzarella, Kale, and Lemon', 'Breakfast Amaranth With Walnuts and Honey', 'Nutty Grain and Oat Bars']"
amaranth,"['Black-Eyed Pea Burgers With Creamy Barbecue Sauce and Chowchow', 'Seeded Whole Grain Soda Bread', 'Dukkah-Crusted Salmon With Cucumber and Chile Salad', 'Rice Pudding with Ginger, Amaranth, and Mango', '5-Grain Porridge with Bee Pollen, Apples, and Coconut', 'Breakfast Amaranth With Walnuts and Honey', 'Amaranth ""Risotto"" With Mushrooms', 'Nutty Grain and Oat Bars', 'Popped Amaranth and Toasted Wheat Berry Fool', 'Amaranth-Walnut Cookies with Brandy', 'Gluten-Free Sesame Sandwich Bread']"
apples,"['Miso-Butter Roast Chicken With Acorn Squash Panzanella', 'Butternut Squash and Apple Soup', 'Creole Cream Cheesecake With Caramel-Apple Topping', 'Fruit Galette', 'Sumac, Spelt, and Apple Cake', 'Better Than Celery Juice', 'Olive Oil Apple Cake with Spiced Sugar', 'Apple-Walnut Upside-Down Cake', 'Apple-Honey-Pecan Muffins', 'Caramel Apple Cupcakes', 'Lemon Cake with Fruit', 'Flourless Almond-Blueberry Muffins', 'Oat Shortcakes with Sautéed Apples, Cinnamon, and Whipped Cream', 'Apple, Pear, and Cranberry Coffee Cake', 'Baked Hawaiian Islands', 'Grilled Rum-Basted Pineapple with Sorbet', 'Tangerine Pie—Caramelized Pineapple Turnovers']"
apricots,"['Drunk Apricot Shito (Ghanaian Hot Pepper Sauce)', 'Nut Butter Granola Bars', 'Stone Fruit Custard Tart', 'Stone Fruit Clafoutis', 'Chicken Salad with Apricots, Celery, and Blue Cheese', 'Apricot Coconut White Chocolate Pudding', 'Crispy Chicken Thighs with Kale, Apricots, and Olives', 'Christmas Bombe with Spiced Cake and Chocolate-Brandy Glaze', 'Pork Tenderloin with Golden Beets', 'Rice with Parsley, Almonds, and Apricots', 'Radicchio–Stone Fruit Salad']"
avocados,"['Tropi-Cobb Salad', 'Frozen Avocado Cake', 'Corn and Chickpea Bowls With Miso Tahini', 'Grilled Carrots With Avocado and Mint', 'Flatbread With Avocado and Scallion Salsa', 'Spring Green Bowls', 'Ackee Tacos with Island Guacamole', 'Little Wedge Salad with Sour Cream Dressing', 'Avocado Peanut Butter Brownies', 'Silky Pork and Cumin Stew']"
bananas,"['Plátanos Horneados con Crema y Queso (Baked Banana With Crema and Cheese)', 'Banana Cream Pie', 'Almond Butter and Banana Pancakes', 'Matcha–Chocolate Chip Cookies', 'Peanut Butter–Banana Muffins', 'Banana Coconut Muffins', 'Gluten-Free Blueberry Pancakes with Caramelized Bananas', 'Berry Explosion Muffins', 'Frozen Chocolate Bananas', 'Vegan Banana Ice Cream', 'Buckwheat Banana Cake with Yogurt-Espresso Frosting', 'Banana Cream Pie']"
barley,"['Instant Pot Lamb Haleem', 'Grains in Herby Buttermilk', 'Squash au Vin', 'Green Rice with Tomatoes, Eggs, and Almonds', 'Lentil Soup with Wheat Berries and Kale', 'Grain Bowls with Grilled Corn, Steak, and Avocado', 'Kimchi-Fried Grains', 'Whole Grain Pancakes with Blackberries', 'Twice-Roasted Squash with Parmesan Butter and Grains', 'Grain Bowl Soup', 'Trail Mix Porridge']"
beef,"[""Veselka's Famous Borscht"", 'Tamale Pie with Fresh Tomato and Corn', 'Braised Celery With Lentils and Garlic', 'Market Suya (Nigerian Skewers)', 'Okonomiyaki (“As You Like It”) Pancakes With Bonito Flakes', 'Instant Pot Tequila Lime Carnitas', 'Ragù Bolognese', 'Comforting Little Casseroles', 'Grilled Bacon BLTs', 'Big Beans and Tomato Vinaigrette', 'Spaghetti with No-Cook Puttanesca', 'Smash Burger Alfresco', 'Hummus with Spiced Summer Squash and Lamb', 'Panchos Argentinos (Argentine-Style Hot Dogs)', 'Rigatoni with Meat Sauce', 'Corned Beef with Crispy Roasted Potatoes and Cabbage', 'Sunny Side Burger with Salsa Verde', 'Maple Meatloaf Muffins', ""New Year's Eve Meat Pie"", 'Big-Batch Seasoned Ground Beef', 'Beef Rib Roast with Garlic and Rosemary', 'Roasted Ducklings in Orange Sauce', 'Instant Pot Beef and Sweet Potato Chili', 'Leek-Top Baking-Sheet Hash', 'Make-Ahead Sheet-Pan Meatballs', 'Cold Beef Tenderloin with Tomatoes and Cucumbers', 'Mexican Meat Patties with Fresh Corn Salsa', 'Grilled Brisket with Scallion-Peanut Salsa', 'Fried Meatballs with Tahini Sauce', ""My Mother's Brisket"", 'Slow Cooker Pot Roast with Charred Onion & Chickpea Salad', 'Slow Cooker Corned Beef Brisket with Cabbage, Potatoes & Dill', 'Beef Chili', 'Grain Bowl Soup', 'Instant Pot Beef Barbacoa Tacos', 'Instant-Pot Korean Chile-Braised Brisket and Kimchi Coleslaw', ""Mamaleh's Brisket"", 'Good Luck Beef and Korean Rice Cake Soup (Tteokguk)', 'Classic Spaghetti and Meatballs', 'Somali Beef Stew with Spiced Rice (Bariis Maraq)', 'The Barbecue Burger', 'Triple-Cooked Fries', 'Spaghetti and Meatballs', 'Our Favorite Meatloaf', 'Meat Loaf With Mushroom Gravy', 'All-Day Slow-Cooker Cassoulet', ""Sweetie Pie's Tender Oven-Baked St. Louis-Style BBQ Ribs"", 'Layered Beef and Root Vegetables in a Spicy Coconut Curry', ""Petit Trois's French Onion Soup"", 'Our Favorite Spaghetti and Meatballs', 'Beef Wellington with Roasted Potatoes and Wilted Greens', 'Horseradish and Parsley Stuffed Rib-Eye Roast', 'Roast Beef Stock', 'Tamarind-Braised Short Ribs with Truffle Sunchoke Purée, Watercress Purée, and Glazed Chanterelle Mushrooms', 'Herb-Crusted Beef Rib Roast with Potatoes, Carrots, and Pinot Noir Jus', 'Slow-Cooked Venison', 'Rosemary-Crumb Beef Tenderloin with Pancetta-Roasted Tomatoes', 'Porcini-Crusted Beef Tenderloin with Truffle Butter Sauce', 'Roast Beef Tenderloin with Caesar Crust', 'Beef Stroganoff with Peppered Spaetzle', 'Prime Rib Roast', 'Braised Lamb Shanks with Swiss Chard', 'Grilled Stuffed Peppers', 'Mustard-Seed-Crusted Prime Rib Roast with Roasted Balsamic Onions', 'Spaghetti and Meatballs', 'Planked Beef Fillets with Porcini Slather', 'Homemade Pappardelle with Bolognese Sauce', 'Beef Tenderloin Medallions with Potato ""Risotto""', 'Seared Beef Tenderloin with Thyme', 'Black Pepper Spice-Rubbed Beef Tenderloin', 'Salt and Pepper Crusted Rib Roast', 'Beef Ribs with Orange and Smoked Paprika Sauce', 'Rib Eye Roast', 'Biltong', 'Pan-Seared Venison with Rosemary and Dried Cherries']"
beef chuck,"['Ragù Bolognese', ""New Year's Eve Meat Pie"", 'Big-Batch Seasoned Ground Beef', 'Fried Meatballs with Tahini Sauce', 'Slow Cooker Pot Roast with Charred Onion & Chickpea Salad', 'Beef Chili', 'Instant Pot Beef Barbacoa Tacos', 'Classic Spaghetti and Meatballs', 'Somali Beef Stew with Spiced Rice (Bariis Maraq)', 'Our Favorite Meatloaf', 'Meat Loaf With Mushroom Gravy']"
beef ribs,['Beef Ribs with Orange and Smoked Paprika Sauce']
beef tenderloin,"['Cold Beef Tenderloin with Tomatoes and Cucumbers', 'Beef Wellington with Roasted Potatoes and Wilted Greens', 'Rosemary-Crumb Beef Tenderloin with Pancetta-Roasted Tomatoes', 'Porcini-Crusted Beef Tenderloin with Truffle Butter Sauce', 'Roast Beef Tenderloin with Caesar Crust', 'Beef Stroganoff with Peppered Spaetzle', 'Planked Beef Fillets with Porcini Slather', 'Beef Tenderloin Medallions with Potato ""Risotto""', 'Seared Beef Tenderloin with Thyme', 'Black Pepper Spice-Rubbed Beef Tenderloin']"
brisket,"['Doenjang Jjigae (된장찌개 / Fermented-Soybean Stew)', 'Corned Beef with Crispy Roasted Potatoes and Cabbage', 'Classic Smashed Cheeseburger', 'Leek-Top Baking-Sheet Hash', 'Grilled Brisket with Scallion-Peanut Salsa', ""My Mother's Brisket"", 'Slow Cooker Corned Beef Brisket with Cabbage, Potatoes & Dill', 'Instant-Pot Korean Chile-Braised Brisket and Kimchi Coleslaw', ""Mamaleh's Brisket"", 'Good Luck Beef and Korean Rice Cake Soup (Tteokguk)']"
brown rice,"['Cashew Horchata (Horchata de Nuez de la India)', 'Broccoli and Spam Stir-Fry', 'Sweet Potato Bowls With Kale and Chickpeas', 'Spicy Carrot-Miso Dressing', 'Tomato Fried Rice', 'Green Rice with Tomatoes, Eggs, and Almonds', 'Saffron Breakfast Kheer', 'Kimchi and Miso Noodle Soup', 'Pickled Rice Tabbouleh', 'Raw Caramel Peanut Crunch Bars', 'Lentil Soup with Wheat Berries and Kale', 'Seeded Whole Grain Soda Bread', 'Jam Bars', 'Slow-Cooker Oatmeal With Apples and Ginger', '5-Grain Porridge with Bee Pollen, Apples, and Coconut', 'Blackberry Farm Griddle Cakes', ""Jeanne's Gluten-Free All-Purpose Flour""]"
buckwheat,"['Salty Buckwheat Chocolate Chunk Cookies', ""Liu Shaokun's Spicy Buckwheat Noodles with Chicken"", 'Kimchi and Miso Noodle Soup', 'Strawberry-Rhubarb Galette with Buckwheat Crust', 'Gluten-Free Chocolate and Buckwheat Waffles', 'Tofu-Vegetable Noodle Toss', 'Savory Buckwheat Pancakes with Sun-Dried Tomatoes and Prosciutto', 'Buckwheat Banana Cake with Yogurt-Espresso Frosting', 'Blondie Sundaes with Fried Walnuts and Candied Fennel', 'Buckwheat Crêpes With Creamy Leeks and Baked Eggs', 'Buckwheat Linzer Cookies', 'Blackberry Farm Griddle Cakes']"
bulgur,"['Cabbage Tabbouleh', 'Roasted Salmon with Celery and Bulgur Salad', 'Tomato and Cabbage Tabbouleh', 'Trail Mix Porridge', 'Vegan Chili', 'Tabbouleh Burger', 'Grapes Leaves with Bulgar and Mint', 'Moroccan Lamb with Tabbouleh and Crispy Garlic', 'Black Bean Chili with Butternut Squash', 'Braised Lamb Shanks with Swiss Chard']"
cheese,"['Thanksgiving Mac and Cheese', 'Hot Pimento Cheese Dip', 'Enfrijoladas', 'Creole Cream Cheesecake With Caramel-Apple Topping', 'Tomato and Roasted Garlic Pie', 'Frozen Avocado Cake', 'Swiss Chard Pasta With Toasted Hazelnuts and Parmesan', 'Sweet Corn Frittata With Cherry Tomato Compote', 'Tomato Pie With Sour Cream Crust', 'Tacos de Gobernador (Shrimp, Poblano, and Cheese Tacos)', 'Tamale Pie with Fresh Tomato and Corn', 'Mississippi Corn Pudding', 'Chicken Zucchini Burgers', 'Cheesy Chicken Melt With All of the Onions Relish', 'Togarashi Cheesecake With Sorghum', 'Pork Volcánes al Pastor', 'Greek Turkey Burgers', 'Broiled Goat Cheese Toasts With Marinated Greens', 'One-Pot Pie with Callaloo, Plantain, Goat Cheese, and Cornmeal Crust', 'Ackee Tacos with Island Guacamole', 'Chickpea-Mushroom Burgers', 'Instant Pot Chicken Parmesan Meatballs', 'Comforting Little Casseroles', 'Caramel Apple Cupcakes', 'Smash Burger Alfresco', 'Baked Tomatoes, Peppers, and Goat Cheese with Crisped Toasts', 'Spicy Egg Sandwich with Sausage and Pickled Peppers', 'Rigatoni with Meat Sauce', 'Potato Tart with Mustard Greens and Lemon Thyme', 'Classic Smashed Cheeseburger', 'Instant Pot Beef and Sweet Potato Chili', 'Grilled Pork Chops with Plums, Halloumi, and Lemon', 'Grain Bowls with Grilled Corn, Steak, and Avocado', 'Charred Cabbage with Goat Cheese Raita and Cucumbers', 'Chicken Salad with Apricots, Celery, and Blue Cheese', 'The Best Vegan Breakfast Sandwich', 'Instant Pot Beef Barbacoa Tacos', 'Christmas Bombe with Spiced Cake and Chocolate-Brandy Glaze', 'Instant Pot Turkey Chili Verde', 'Charred Buttered Plums with Cheese', 'Radicchio–Stone Fruit Salad', 'Buckwheat Banana Cake with Yogurt-Espresso Frosting', 'Millet ""Burrito"" Bowl', 'Gluten-Free Multi-Purpose Sweet Pastry Dough', ""Petit Trois's French Onion Soup"", 'Beef Burger With Grilled Kale', ""Beets Don't Kale My Vibe Salad"", 'Gluten-Free Pie Crust', 'Buckwheat Linzer Cookies', 'Sweet Potato Cupcakes', 'Black Bean Chili with Butternut Squash', 'Spaghetti and Meatballs', 'Homemade Pappardelle with Bolognese Sauce', 'Beef Tenderloin Medallions with Potato ""Risotto""', 'Seared Beef Tenderloin with Thyme', 'Crab Quiche']"
cherries,"['Nut Butter Granola Bars', 'Tomato Pie With Sour Cream Crust', 'Tangy Vinegar Chicken With Barberries and Orange', 'Little Italy', 'Buttery Bejeweled Rice', 'Lebkuchen (German Honey Bars)', 'Sour Cherry Relish', 'Grilled Beet Salad with Burrata and Cherries', 'Pecan Bourbon Baklava', 'Cherry Biscuit Cobbler', 'Stone Fruit Clafoutis', 'Filipino-Style Spiced Vinegar', 'Christmas Bombe with Spiced Cake and Chocolate-Brandy Glaze', 'Blondie Sundaes with Fried Walnuts and Candied Fennel', 'Fruit and Seed Bars', 'Cherry and Plum Bruschetta', 'Dark-Chocolate Cherry Brownies', 'Popped Amaranth and Toasted Wheat Berry Fool', 'Pan-Seared Venison with Rosemary and Dried Cherries']"
chia seeds,"['Summer Tomato and Ricotta Tart With Oat Pastry', 'Agua de Limón con Chía (Limeade With Chia Seeds)', 'Seed and Nut Bread', 'Coconut-Lime Energy Bites', 'Power Butter', 'Watermelon Chia Smoothie', 'Apple Pie Smoothie', 'Seedy Power Sprinkle', 'Rose and Yogurt Panna Cotta', 'Hazelnut Granola and Chia Pudding Bowls', 'Apricot Coconut White Chocolate Pudding', 'Gluten-Free Blueberry Pancakes with Caramelized Bananas', 'Berry Explosion Muffins', 'Granola Bark', 'Rice Pudding with Ginger, Amaranth, and Mango', 'Gluten-Free Pie Crust', 'Pineapple, Arugula, Macadamia Nut']"
chicken,"['Miso-Butter Roast Chicken With Acorn Squash Panzanella', 'Italian Sausage and Bread Stuffing', 'Butternut Squash and Apple Soup', 'Caesar Salad Roast Chicken', 'Chicken and Rice With Leeks and Salsa Verde', 'Enfrijoladas', 'Chicken and Potato Gratin With Brown Butter Cream', 'Spicy Coconut Pumpkin Soup', 'Dad’s Curried Chicken', 'Shrimp Creole', 'Chicken Pelau', 'Braised Chicken Legs With Grapes and Fennel', ""Veselka's Famous Borscht"", 'Drunk Apricot Shito (Ghanaian Hot Pepper Sauce)', 'Sesame-Scallion Chicken Salad', 'Tropi-Cobb Salad', 'Dakgangjeong (닭강정 / Korean Sweet, Crunchy Fried Chicken)', 'Thai Muslim–Style Grilled Chicken', 'Chicken Thighs With Tomatoes and Feta', 'Stuffed Eggplants and Zucchini in a Rich Tomato Sauce (Baatingan w Kusaa Bil Banadoura)', 'Chicken Meatballs With Molokhieh, Garlic, and Cilantro', 'Caribbean Smothered Chicken With Coconut, Lime, and Chiles', 'Frogmore Stew', 'Crispy Turmeric-and-Pepper-Spiced Chicken Wings', 'Spring Chicken veg Salad', 'Chicken Zucchini Burgers', 'Golden Noodles With Chicken', 'Cheesy Chicken Melt With All of the Onions Relish', 'Chicken Spiedies (Marinated Chicken on a Bun)', 'Satay Lettuce Wraps', 'Instant Pot Lemon Chicken With Garlic and Olives', 'Braised Celery With Lentils and Garlic', 'One-Pot Gingery Chicken and Rice With Peanut Sauce', 'Pickle Potato Salad', 'Tangy Vinegar Chicken With Barberries and Orange', 'Efo Riro With Kale and Whitefish', 'Chicken-Lentil Soup With Jammy Onions', 'Green Curry Vinegar Chicken', 'Ultimate Green Curry (Gaeng Khiaw Wan Gai)', 'Chicken and Rice Meatballs With Hummus', 'Market Suya (Nigerian Skewers)', 'Egusi Stew', 'Lime-Cilantro Chicken and Broccoli', 'Okonomiyaki (“As You Like It”) Pancakes With Bonito Flakes', 'Instant Pot Tequila Lime Carnitas', 'Instant Pot Chicken Parmesan Meatballs', 'Ragù Bolognese', 'Why-Is-It-So-Good Gravy', 'Cornbread Stuffing With Sausage and Corn Nuts', 'Double-the-Mustard Chicken with Potatoes and Greens', 'Pomegranate and Fennel Chicken (Pollastre amb Magrana)', 'Coconut Milk–Braised Chicken', 'Universal Marinade', 'Korean-Style Grilled Wings with Cucumber-Kimchi Salad', 'Spicy Chicken Lettuce Wraps', 'Magic Crispy Chicken', 'Grilled Chicken with Lemon and Thyme', 'Double-Fried Chicken Wings', 'Chicken Piccata', 'Za’atar Chicken with Garlicky Yogurt', 'Chicken Saltimbocca with Crunchy Pea Salad', ""Liu Shaokun's Spicy Buckwheat Noodles with Chicken"", 'Sheet-Pan Chicken Meatballs and Charred Broccoli', 'Grilled Chicken and Quinoa with Matcha Dressing', 'Roasted Ducklings in Orange Sauce', 'Roast Chicken Legs with Lots of Garlic', 'Meatballs and Noodle Soup (Almondigas)', 'Chicken Salad with Apricots, Celery, and Blue Cheese', 'Instant Pot Chicken Stock', 'Freeform Chicken Meatballs with Carrots and Yogurt Sauce', 'Yogurt-Braised Chicken Legs with Garlic and Ginger', 'Moroccan-Spiced Chicken with Millet Tabbouleh', 'Classic Cassoulet', 'Chicken and Tomato Stew with Caramelized Lemon', 'Grain Bowl Soup', 'Instant Pot Beef Barbacoa Tacos', 'Chicken Stew with Potatoes and Radishes', 'Crispy Chicken Thighs with Kale, Apricots, and Olives', ""Mamaleh's Brisket"", 'Chile-Marinated Pork with Vietnamese Brussels Sprouts', 'Instant Pot Turkey Chili Verde', 'Make-Ahead Gravy', 'Thanksgiving Stock', 'Spiced Turkey Chili with Spaghetti Squash', 'Pork Tenderloin with Golden Beets', 'Ginger Turkey Meatballs with Coconut Broth and Noodles', 'Smoked Chicken Wings', '3-Ingredient Korean Grilled Chicken Wings with Scallion', '3-Ingredient Garlic-Herb Grilled Chicken Wings', '3-Ingredient Curry Grilled Chicken Wings', 'Herby Chicken Kofta Meatballs', 'Spice-Rubbed Pork Tenderloin with a Mediterranean Grain Salad', 'Provençal Roasted Garlic–Braised Breast of Veal with Springtime Stuffing', 'Cassoulet in the Style of Toulouse (Cassoulet de Toulouse)', 'All-Day Slow-Cooker Cassoulet', 'Chicken Meatballs with Ginger and Miso', ""Beets Don't Kale My Vibe Salad"", 'Braised Veal Shanks with Bacon-Parmesan Crumbs', 'Herb-Crusted Beef Rib Roast with Potatoes, Carrots, and Pinot Noir Jus', 'Grilled Lobster Paella', 'Beef Tenderloin Medallions with Potato ""Risotto""', 'Chicken Piccata']"
chicken breasts,"['Sesame-Scallion Chicken Salad', 'Spring Chicken veg Salad', 'Golden Noodles With Chicken', 'Cheesy Chicken Melt With All of the Onions Relish', 'Chicken Spiedies (Marinated Chicken on a Bun)', 'Lime-Cilantro Chicken and Broccoli', 'Magic Crispy Chicken', 'Grilled Chicken with Lemon and Thyme', 'Chicken Piccata', 'Chicken Saltimbocca with Crunchy Pea Salad', 'Grilled Chicken and Quinoa with Matcha Dressing', ""Beets Don't Kale My Vibe Salad""]"
chicken legs,"['Caesar Salad Roast Chicken', 'Braised Chicken Legs With Grapes and Fennel', 'Tangy Vinegar Chicken With Barberries and Orange', 'Double-the-Mustard Chicken with Potatoes and Greens', 'Coconut Milk–Braised Chicken', 'Za’atar Chicken with Garlicky Yogurt', 'Roast Chicken Legs with Lots of Garlic', 'Yogurt-Braised Chicken Legs with Garlic and Ginger', 'Chicken and Tomato Stew with Caramelized Lemon', 'Chicken Stew with Potatoes and Radishes']"
chicken thighs,"['Chicken and Rice With Leeks and Salsa Verde', 'Chicken and Potato Gratin With Brown Butter Cream', 'Tropi-Cobb Salad', 'Chicken Thighs With Tomatoes and Feta', 'Caribbean Smothered Chicken With Coconut, Lime, and Chiles', 'Instant Pot Lemon Chicken With Garlic and Olives', 'One-Pot Gingery Chicken and Rice With Peanut Sauce', 'Chicken-Lentil Soup With Jammy Onions', 'Green Curry Vinegar Chicken', 'Ultimate Green Curry (Gaeng Khiaw Wan Gai)', 'Market Suya (Nigerian Skewers)', 'Universal Marinade', 'Moroccan-Spiced Chicken with Millet Tabbouleh', 'Crispy Chicken Thighs with Kale, Apricots, and Olives']"
chicken wings,"['Crispy Turmeric-and-Pepper-Spiced Chicken Wings', 'Why-Is-It-So-Good Gravy', 'Korean-Style Grilled Wings with Cucumber-Kimchi Salad', 'Double-Fried Chicken Wings', 'Make-Ahead Gravy', 'Thanksgiving Stock', 'Smoked Chicken Wings', '3-Ingredient Korean Grilled Chicken Wings with Scallion', '3-Ingredient Garlic-Herb Grilled Chicken Wings', '3-Ingredient Curry Grilled Chicken Wings']"
chocolate,"['Chocolate Zucchini Cake', 'Tahini-Walnut Magic Shell', 'No-Churn Fresh Mint and Chocolate Ice Cream', 'Trail Mix Cookies', 'Salty Buckwheat Chocolate Chunk Cookies', 'Tahini Billionaire Bars', 'Ancho Mole Cookies', 'Chocolate-Almond Fridge Fudge', 'Double Chocolate Rye Cookies', 'Cardamom-Pistachio Bûche de Noël', 'Raw Caramel Peanut Crunch Bars', 'Matcha–Chocolate Chip Cookies', 'Apricot Coconut White Chocolate Pudding', 'Gluten-Free Chocolate and Buckwheat Waffles', 'Christmas Bombe with Spiced Cake and Chocolate-Brandy Glaze', 'Chewy No-Bake Grain and Oat Bars', 'Frozen Chocolate Bananas', 'Banana Cream Pie', 'Dark-Chocolate Cherry Brownies']"
coconut,"['Caramelized Plantain Parfait', 'Spicy Coconut Pumpkin Soup', 'Chicken Pelau', 'Mango Curry', 'Iced Café de Olla', 'Papaya-and-Cubeb-Marinated Snapper With Baked Yam Chips', 'Drunk Apricot Shito (Ghanaian Hot Pepper Sauce)', 'Coconut-Creamed Corn and Grains', 'Thai Muslim–Style Grilled Chicken', 'Coconut Rice', 'Tahini-Walnut Magic Shell', 'Caribbean Smothered Chicken With Coconut, Lime, and Chiles', 'Cornbread Muffins With Whipped Sweet Corn', 'Coconut-Lime Energy Bites', 'Satay Lettuce Wraps', 'Sweet Potato and Pecan Waffles', 'Jerk Tofu Wrapped in Collard Leaves', 'Ginger-Scallion Meatballs With Green Curry Sauce', 'Ultimate Green Curry (Gaeng Khiaw Wan Gai)', 'Power Butter', 'Ackee Tacos with Island Guacamole', 'Watermelon Chia Smoothie', 'Secret Mango Creamsicle Smoothie', 'Lime-Cilantro Chicken and Broccoli', 'Sweet Potato Bowls With Kale and Chickpeas', 'Coconut Milk–Braised Chicken', 'Avocado Peanut Butter Brownies', 'Saffron Breakfast Kheer', 'Buddha Bowl with Roasted Sweet Potatoes, Spiced Chickpeas, and Chard', 'Hazelnut Granola and Chia Pudding Bowls', 'Almond Butter and Banana Pancakes', 'Matcha–Chocolate Chip Cookies', 'One-Pot Turkey Bolognese with “Spaghetti”', 'Banana Coconut Muffins', 'Apricot Coconut White Chocolate Pudding', 'Moroccan-Spiced Chicken with Millet Tabbouleh', 'Gluten-Free Chocolate and Buckwheat Waffles', 'Chewy No-Bake Grain and Oat Bars', 'Gluten-Free Blueberry Pancakes with Caramelized Bananas', 'Ginger Turkey Meatballs with Coconut Broth and Noodles', 'Gluten-Free Coconut Bread', 'Thai-Spiced Turkey Burgers', 'Granola Bark', 'Jam Bars', 'Layered Beef and Root Vegetables in a Spicy Coconut Curry', 'Rice Pudding with Ginger, Amaranth, and Mango', 'Fruit and Seed Bars', '5-Grain Porridge with Bee Pollen, Apples, and Coconut', 'Nutty Grain and Oat Bars', 'Coconut Rice', 'Baked Hawaiian Islands', 'Grilled Rum-Basted Pineapple with Sorbet', 'Gluten-Free Sesame Sandwich Bread']"
corn flour,"['Shrimp and Grits Fritters', 'Corn Flour Shortcakes with Blackberries and Whipped Cream', 'Fish and Chips with Malt Vinegar Mayonnaise', 'Fresh Gluten-Free Pasta', 'Lemon-Nut Torte with Summer Berries']"
cornish hens,[]
cornmeal,"['Tamale Pie with Fresh Tomato and Corn', 'Mississippi Corn Pudding', 'Strawberry-Rhubarb Crisp', 'Fried Green Tomatoes', 'Cornbread Muffins With Whipped Sweet Corn', 'Salted Pistachio Crumbles With Berries and Ice Cream', 'Big-Batch Parmesan Polenta', 'Blueberry Lemon Corn Muffins', 'One-Pot Pie with Callaloo, Plantain, Goat Cheese, and Cornmeal Crust', 'Italian Fish and Vegetable Stew', 'Silky Pork and Cumin Stew', 'Gluten-Free Crab Cakes with Snap Pea Salad', 'Veggie Burgers with Zucchini and Corn', 'Fish and Chips with Malt Vinegar Mayonnaise', 'Blackberry Farm Griddle Cakes', 'Summer-Fruit Cobbler', 'Lemon-Nut Torte with Summer Berries', 'Fried Green Tomatoes', 'Gluten-Free Sesame Sandwich Bread', 'Gluten-Free Blueberry Corn Muffins']"
duck,"['Cassoulet Toast', 'Jerk-Spiced Duck', 'Roasted Ducklings in Orange Sauce', 'Classic Cassoulet', 'Instant Pot Choucroute Garnie', 'Triple-Cooked Fries', 'Duck Two Ways With Clementine-Fig Relish', 'Cassoulet in the Style of Toulouse (Cassoulet de Toulouse)', 'Duck Legs Confit Cooked in a Pouch (“Confit” de Canard en Sous Vide)', 'All-Day Slow-Cooker Cassoulet']"
fish,"['Thai Muslim–Style Grilled Chicken', 'Grilled Flatfish With Pistachio-Herb Sauce', 'Frogmore Stew', 'Grilled Pork Shoulder Steaks With Herb Salad', 'Torshi Tareh (Persian Sour Herb Stew With Marbled Eggs)', 'Efo Riro With Kale and Whitefish', 'Sumac Baked Fish With Saffron Quinoa', 'Ultimate Green Curry (Gaeng Khiaw Wan Gai)', 'Bright and Spicy Shrimp Noodle Salad', 'Egusi Stew', 'Spicy Mushroom Larb', 'Italian Fish and Vegetable Stew', 'Rice Noodles and Tofu in Peanut Sauce', 'Vietnamese Pork Meatball Banh Mi Fried Rice', 'Universal Marinade', 'Spicy Chicken Lettuce Wraps', 'Sesame Pork Burgers with Sweet and Spicy Slaw', 'Filipino-Style Spiced Vinegar', 'Ground Pork Menudo', 'Meatballs and Noodle Soup (Almondigas)', 'Seafood Sinigang (Sour and Savory Seafood Soup)', 'Sticky-Sweet Grilled Pork Shoulder with Hoisin and Molasses', 'Instant-Pot Korean Chile-Braised Brisket and Kimchi Coleslaw', 'Good Luck Beef and Korean Rice Cake Soup (Tteokguk)', 'Chile-Marinated Pork with Vietnamese Brussels Sprouts', 'Cioppino Seafood Stew with Gremolata Toasts', 'Perfect Fish Tacos', 'Summer Tomato Bouillabaisse with Basil Rouille', 'Bouillabaisse, Simplified']"
flax seeds,"['Secret Mango Creamsicle Smoothie', 'Granola Bark', 'Fruit and Seed Bars', 'Brainy Breakfast', 'Gluten-Free Pie Crust', 'Gluten-Free Citrus Sugar Cookies', 'Pineapple, Arugula, Macadamia Nut']"
goat,"['Togarashi Cheesecake With Sorghum', 'Goat Birria Tacos With Cucumber Pico de Gallo', 'Broiled Goat Cheese Toasts With Marinated Greens', 'Egusi Stew', 'One-Pot Pie with Callaloo, Plantain, Goat Cheese, and Cornmeal Crust', 'Goat Butter Shortbread', 'Baked Tomatoes, Peppers, and Goat Cheese with Crisped Toasts', 'Potato Tart with Mustard Greens and Lemon Thyme', 'Charred Cabbage with Goat Cheese Raita and Cucumbers', 'Endive, Romaine, and Orange Salad for Two', 'Charred Buttered Plums with Cheese', 'Millet ""Burrito"" Bowl', ""Beets Don't Kale My Vibe Salad""]"
ground beef,"['Tamale Pie with Fresh Tomato and Corn', 'Ragù Bolognese', 'Smash Burger Alfresco', 'Rigatoni with Meat Sauce', 'Sunny Side Burger with Salsa Verde', 'Maple Meatloaf Muffins', 'Big-Batch Seasoned Ground Beef', 'Instant Pot Beef and Sweet Potato Chili', 'Make-Ahead Sheet-Pan Meatballs', 'Mexican Meat Patties with Fresh Corn Salsa', 'Fried Meatballs with Tahini Sauce', 'Classic Spaghetti and Meatballs', 'The Barbecue Burger', 'Spaghetti and Meatballs', 'Our Favorite Meatloaf', 'Meat Loaf With Mushroom Gravy', 'Our Favorite Spaghetti and Meatballs', 'Grilled Stuffed Peppers', 'Spaghetti and Meatballs', 'Homemade Pappardelle with Bolognese Sauce']"
ground chicken,"['Chicken Meatballs With Molokhieh, Garlic, and Cilantro', 'Chicken Zucchini Burgers', 'Chicken and Rice Meatballs With Hummus', 'Instant Pot Chicken Parmesan Meatballs', 'Spicy Chicken Lettuce Wraps', 'Sheet-Pan Chicken Meatballs and Charred Broccoli', 'Instant Pot Chicken Stock', 'Freeform Chicken Meatballs with Carrots and Yogurt Sauce', 'Herby Chicken Kofta Meatballs', 'Chicken Meatballs with Ginger and Miso']"
ground pork,"['Pork Meatballs and Cucumber Salad', 'Pork and Asparagus Stir-Fry', 'Ginger-Scallion Meatballs With Green Curry Sauce', 'Pork Wontons With Sesame Sauce', 'Ragù Bolognese', 'Vietnamese Pork Meatball Banh Mi Fried Rice', 'Better-Than-Takeout Stir-Fried Udon', 'Sesame Pork Burgers with Sweet and Spicy Slaw', 'Ground Pork Menudo', 'Meatballs and Noodle Soup (Almondigas)', 'Mexican Meat Patties with Fresh Corn Salsa', 'Spaghetti and Meatballs', 'Our Favorite Meatloaf', 'Turkey Meatballs with Cranberry Sauce', 'Our Favorite Spaghetti and Meatballs', 'Spaghetti and Meatballs']"
ground turkey,"['Sloppy Joe Shirred Eggs With Spinach', 'One-Pot Turkey Bolognese with “Spaghetti”', 'Freeform Chicken Meatballs with Carrots and Yogurt Sauce', 'Instant Pot Turkey Chili Verde', 'Spiced Turkey Chili with Spaghetti Squash', 'Ginger Turkey Meatballs with Coconut Broth and Noodles', 'Cheddar-Stuffed Turkey Burgers', 'Thai-Spiced Turkey Burgers', 'Stuffed Pepper with Mushrooms, Greens, and Ground Turkey', 'Turkey Meatballs with Cranberry Sauce']"
lamb,"['Instant Pot Lamb Haleem', 'Spiced Lamb and Dill Yogurt Pasta', 'Stuffed Eggplants and Zucchini in a Rich Tomato Sauce (Baatingan w Kusaa Bil Banadoura)', 'Goat Birria Tacos With Cucumber Pico de Gallo', 'Lamb and Green Squash Dumplings', 'Hummus with Spiced Summer Squash and Lamb', 'Grilled Lamb Chops and Peppers', 'Spiced Lamb Burgers with Spring Slaw', 'Sumac-Rubbed Lamb with Minty Artichokes', 'Seven-Spice Grilled Lamb Chops with Parsley Salad', 'All-Day Slow-Cooker Cassoulet', 'Moroccan Lamb with Tabbouleh and Crispy Garlic', 'Braised Lamb Shanks with Swiss Chard']"
mangos,"['Filipino-Style Spiced Vinegar', 'Baked Smoked Ham with Mango']"
millet,"['Fried Meatballs with Tahini Sauce', 'Moroccan-Spiced Chicken with Millet Tabbouleh', 'Seeded Whole Grain Soda Bread', 'Chewy No-Bake Grain and Oat Bars', 'Slow-Cooker Oatmeal With Apples and Ginger', 'Millet ""Burrito"" Bowl', 'Veggie Burgers with Zucchini and Corn', '5-Grain Porridge with Bee Pollen, Apples, and Coconut', 'Trail Mix Porridge', 'Millet-Scallion Pancakes']"
milk,"['Thanksgiving Mac and Cheese', 'Hot Pimento Cheese Dip', 'Caramelized Plantain Parfait', 'Chhena Poda (Spiced Cheesecake)', 'Paneer', 'Spicy Coconut Pumpkin Soup', 'Chicken Pelau', 'Our Favorite Creamy Mashed Potatoes', 'Creole Cream Cheesecake With Caramel-Apple Topping', 'Creole Cream Cheese', 'Buss Up Shut (Paratha Roti)', 'Mango Curry', 'Iced Café de Olla', 'Coconut-Creamed Corn and Grains', 'Spiced Lamb and Dill Yogurt Pasta', 'Zucchini-Lentil Fritters With Lemony Yogurt', 'Pork Meatballs and Cucumber Salad', 'Frozen Avocado Cake', 'Chocolate Zucchini Cake', 'Tomato Pie With Sour Cream Crust', 'Coconut Rice', 'Lentil Burgers', 'No-Churn Fresh Mint and Chocolate Ice Cream', 'Peach Cobbler', 'Mississippi Corn Pudding', 'Caribbean Smothered Chicken With Coconut, Lime, and Chiles', 'Fried Green Tomatoes', 'Cornbread Muffins With Whipped Sweet Corn', 'Flatbread With Avocado and Scallion Salsa', 'Sausage and Ricotta Baked Cannelloni', 'Sweet Potato and Pecan Waffles', 'Togarashi Cheesecake With Sorghum', 'Blueberry Lemon Corn Muffins', 'Grains in Herby Buttermilk', 'Ultimate Green Curry (Gaeng Khiaw Wan Gai)', 'Steel-Cut Oats with Squash and Tahini', 'One-Pot Pie with Callaloo, Plantain, Goat Cheese, and Cornmeal Crust', 'Watermelon Chia Smoothie', 'Secret Mango Creamsicle Smoothie', 'Blueberry Muffin Smoothie', 'Apple Pie Smoothie', 'Okonomiyaki (“As You Like It”) Pancakes With Bonito Flakes', 'Cardamom-Pistachio Bûche de Noël', 'Ragù Bolognese', 'Banana Cream Pie', 'Sweet Potato Bowls With Kale and Chickpeas', 'Comforting Little Casseroles', 'Apple-Walnut Upside-Down Cake', 'Apple-Honey-Pecan Muffins', 'Coconut Milk–Braised Chicken', 'Stone Fruit Clafoutis', 'Grilled Steak With Peas and Eggplant Over Whipped Ricotta', 'Sumac-Rubbed Lamb with Minty Artichokes', 'Seven-Spice Grilled Lamb Chops with Parsley Salad', 'Quick Breakfast Quinoa', 'Za’atar Chicken with Garlicky Yogurt', 'Potato Tart with Mustard Greens and Lemon Thyme', 'Saffron Breakfast Kheer', 'Sheet-Pan Cider-Ricotta Pancakes with Pear Compote', 'Make-Ahead Sheet-Pan Meatballs', 'Ricotta Panna Cotta with Nectarines and Honey', 'Charred Cabbage with Goat Cheese Raita and Cucumbers', 'One-Pot Turkey Bolognese with “Spaghetti”', 'Chicken Salad with Apricots, Celery, and Blue Cheese', 'Whole Grain Pancakes with Blackberries', 'Yogurt-Braised Chicken Legs with Garlic and Ginger', 'Apricot Coconut White Chocolate Pudding', 'Here Comes the Sun Breakfast Bowl', 'The Best Vegan Breakfast Sandwich', 'Seeded Whole Grain Soda Bread', 'Gluten-Free Chocolate and Buckwheat Waffles', 'Endive, Romaine, and Orange Salad for Two', 'Christmas Bombe with Spiced Cake and Chocolate-Brandy Glaze', 'Classic Spaghetti and Meatballs', 'Ginger Turkey Meatballs with Coconut Broth and Noodles', 'Radicchio–Stone Fruit Salad', 'Gluten-Free Coconut Bread', 'Spaghetti and Meatballs', 'Our Favorite Meatloaf', 'Turkey Meatballs with Cranberry Sauce', 'Buckwheat Crêpes With Creamy Leeks and Baked Eggs', 'Layered Beef and Root Vegetables in a Spicy Coconut Curry', 'Shrimp and Grits Fritters', 'Our Favorite Spaghetti and Meatballs', 'Rice Pudding with Ginger, Amaranth, and Mango', 'Breakfast Amaranth With Walnuts and Honey', 'Millet-Scallion Pancakes', 'Peach Galette', 'Cherry and Plum Bruschetta', 'Blackberry Farm Griddle Cakes', 'Banana Cream Pie', 'Sweet Potato Cupcakes', 'Summer-Fruit Cobbler', 'Gluten-Free Buttermilk Biscuits', 'Spaghetti and Meatballs', 'Homemade Pappardelle with Bolognese Sauce', 'Gluten-Free Sesame Sandwich Bread', 'Gluten-Free Blueberry Corn Muffins', 'Gluten-Free Pizza', 'Tangerine Pie—Caramelized Pineapple Turnovers']"
mushroom,"['Dashi', 'Lentil Burgers', 'Grilled Mushroom  Antipasto Salad', 'Black-Eyed Pea Burgers With Creamy Barbecue Sauce and Chowchow', 'Open-Face Mushroom Sandwiches With Pecorino Salsa Verde', 'Squash au Vin', 'Lentil Kielbassoulet', 'Wood Ear and Cilantro Salad', 'Persian Celery Stew With Mushrooms (Khoresh-e Karafs)', 'Crispy Tofu Balls', 'Chickpea-Mushroom Burgers', 'Why-Is-It-So-Good Gravy', 'Spicy Mushroom Larb', 'Kimchi and Miso Noodle Soup', 'Barbecued Pork Fried Rice with Mushrooms and Extra Ginger', 'Wild Rice Dressing', 'Brothy Beans and Farro with Eggs and Mushrooms', 'Grain Bowl Soup', 'Thanksgiving Stock', 'Stuffed Pepper with Mushrooms, Greens, and Ground Turkey', 'Meat Loaf With Mushroom Gravy', 'Grilled Porcini-Rubbed Rack of Veal', 'Beef Wellington with Roasted Potatoes and Wilted Greens', 'Amaranth ""Risotto"" With Mushrooms', 'Tamarind-Braised Short Ribs with Truffle Sunchoke Purée, Watercress Purée, and Glazed Chanterelle Mushrooms', 'Slow-Cooked Venison', 'Porcini-Crusted Beef Tenderloin with Truffle Butter Sauce', 'Beef Stroganoff with Peppered Spaetzle', 'Planked Beef Fillets with Porcini Slather', 'Prime Rib Roast with Red-Wine Sauce']"
nectarines,"['Stone Fruit Custard Tart', 'Tiger Fruit Salad', 'Ricotta Panna Cotta with Nectarines and Honey', 'Peaches and Tomatoes with Burrata and Hot Sauce', 'Radicchio–Stone Fruit Salad', 'Nectarines and Peaches with Lavender Syrup', 'Nectarine, Plum, and Raspberry Pie', 'Pickled Nectarine Salad with Burrata', 'Cherry and Plum Bruschetta', 'Summer-Fruit Cobbler']"
oat flour,"['Lentil Burgers', 'Chickpea-Mushroom Burgers', 'Avocado Peanut Butter Brownies', 'Jam Bars', 'Gluten-Free Multi-Purpose Sweet Pastry Dough', 'Oat Shortcakes with Sautéed Apples, Cinnamon, and Whipped Cream', 'Buckwheat Linzer Cookies', 'Blackberry Farm Griddle Cakes', 'Dark-Chocolate Cherry Brownies', 'Sweet Potato Cupcakes']"
oats,"['Nut Butter Granola Bars', 'Strawberry-Rhubarb Crisp', 'Trail Mix Cookies', 'Whole Wheat–Oat Waffles', 'Summer Tomato and Ricotta Tart With Oat Pastry', 'Coconut-Lime Energy Bites', 'Sweet Potato and Pecan Waffles', 'Oat Milk', 'Steel-Cut Oats with Squash and Tahini', 'Blueberry Muffin Smoothie', 'Apple Pie Smoothie', 'Hazelnut Granola and Chia Pudding Bowls', 'Sheet-Pan Cider-Ricotta Pancakes with Pear Compote', 'Matcha–Chocolate Chip Cookies', 'Seeded Whole Grain Soda Bread', 'Gluten-Free Chocolate and Buckwheat Waffles', 'Endive, Romaine, and Orange Salad for Two', 'Chewy No-Bake Grain and Oat Bars', 'Gluten-Free Blueberry Pancakes with Caramelized Bananas', 'Granola Bark', 'Jam Bars', 'Slow-Cooker Oatmeal With Apples and Ginger', 'Baked Flaxseed Crab Cakes', 'Fruit and Seed Bars', 'Apple, Pear, and Cranberry Coffee Cake', 'Nutty Grain and Oat Bars']"
peaches,"['Peach and Sesame Crumble', 'Stone Fruit Custard Tart', 'Charred-Peach Panzanella With Pickled Pepper Vinaigrette', 'Tiger Fruit Salad', 'Peach Cobbler', 'Grilled Peach Toast With Pimiento Cheese', ""Dad's Peach Cobbler"", 'Fruit Galette', 'Aguas Frescas (Mexican Fruit Coolers)', 'Peach-Plum Galette', 'Peaches and Tomatoes with Burrata and Hot Sauce', 'Pork Tenderloin with Peach-Mustard Sauce', 'Radicchio–Stone Fruit Salad', 'Nectarines and Peaches with Lavender Syrup', 'Peach Galette']"
peanuts,"['Dakgangjeong (닭강정 / Korean Sweet, Crunchy Fried Chicken)', 'Peanut Butter Brookies', 'Salted PB&J; Ice Cream Pie', 'Jerk Tofu Wrapped in Collard Leaves', 'Bright and Spicy Shrimp Noodle Salad', 'Market Suya (Nigerian Skewers)', 'Mala Fried Peanuts', 'Banana Cream Pie', 'Spicy Mushroom Larb', 'Rice Noodles and Tofu in Peanut Sauce', 'Raw Caramel Peanut Crunch Bars', 'Grilled Brisket with Scallion-Peanut Salsa', 'Chile-Marinated Pork with Vietnamese Brussels Sprouts', 'Ginger Turkey Meatballs with Coconut Broth and Noodles']"
pears,"['Pear and Hazelnut Frangipane Tart', 'Tiger Fruit Salad', 'Pickle Potato Salad', 'Grilled Steak With Peas and Eggplant Over Whipped Ricotta', 'Pear Pitcher Margaritas with Chile-Lime Rims', 'Pear and Pickled Radish', 'Spicy Lightly Pickled Cucumbers', 'Sheet-Pan Cider-Ricotta Pancakes with Pear Compote', 'Lemon Cake with Fruit', 'Shrimp Tacos with Pineapple']"
pineapples,"['Baked Hawaiian Islands', 'Grilled Rum-Basted Pineapple with Sorbet', 'Tangerine Pie—Caramelized Pineapple Turnovers']"
plums,"['Stone Fruit Custard Tart', 'Double Ripple Ice Cream Cake', 'Tiger Fruit Salad', 'Fruit Galette', 'Peach-Plum Galette', 'Plum-Cardamom Crumble with Pistachios', 'Grilled Pork Chops with Plums, Halloumi, and Lemon', 'Plum Salad with Black Pepper and Parmesan', 'Arugula with Italian Plums and Parmesan', 'Charred Buttered Plums with Cheese', 'Nectarine, Plum, and Raspberry Pie', 'Cherry and Plum Bruschetta']"
pomegranates,"['Pomegranate and Fennel Chicken (Pollastre amb Magrana)', 'Torn Potatoes of Many Colors With Chile-Lime Butter', 'Roast Turkey with Pomegranate Gravy']"
pork,"[""Veselka's Famous Borscht"", 'Pork Meatballs and Cucumber Salad', 'Pork Chops and Padrón Chiles en Escabèche', 'Spicy Pork Belly Sliders', 'Grilled Pork Shoulder With Butter Vinegar Sauce', 'Tortillas de Harina (Flour Tortillas)', 'Pork Shoulder Steaks With Horseradish-Mustard Sauce', 'Pulled Pork Sandwiches', 'Grilled Pork Shoulder Steaks With Herb Salad', 'Pork and Asparagus Stir-Fry', 'Pork Volcánes al Pastor', 'Ginger-Scallion Meatballs With Green Curry Sauce', 'Pork Marbella', 'Pork Wontons With Sesame Sauce', 'Okonomiyaki (“As You Like It”) Pancakes With Bonito Flakes', 'Instant Pot Tequila Lime Carnitas', 'Instant Pot Chicken Parmesan Meatballs', 'Ragù Bolognese', 'Smoky Dry-Rubbed Pork Steaks', 'Spiced Roast Pork with Fennel and Apple Salad', 'Vietnamese Pork Meatball Banh Mi Fried Rice', 'Chipotle-Grilled Pork Shoulder Steaks with Corn Salsa', 'Universal Marinade', 'Country-Style Ribs with Quick-Pickled Watermelon', 'Spicy Pork Bowls with Greens', 'Better-Than-Takeout Stir-Fried Udon', 'Sesame Pork Burgers with Sweet and Spicy Slaw', 'Big-Batch Freezer Pork Tenderloin Strips', 'Barbecued Pork Fried Rice with Mushrooms and Extra Ginger', 'Slow-Cooker Chipotle-Orange Pork Tacos', 'Silky Pork and Cumin Stew', 'Ground Pork Menudo', 'Meatballs and Noodle Soup (Almondigas)', 'Mexican Meat Patties with Fresh Corn Salsa', 'Grilled Pork Chops with Plums, Halloumi, and Lemon', 'Sticky-Sweet Grilled Pork Shoulder with Hoisin and Molasses', 'Pork Tenderloin with Peach-Mustard Sauce', 'Dill-Crusted Pork Tenderloin with Farro, Pea, and Blistered Tomato Salad', 'Party Posole Rojo', 'Classic Cassoulet', 'Sticky Maple and Bourbon Pork Ribs', 'Instant Pot Choucroute Garnie', 'Instant Pot Sticky Hoisin Baby Back Ribs', 'Ancho Chile Pork Tenderloin with Brussels Sprouts and Squash', 'Chile-Marinated Pork with Vietnamese Brussels Sprouts', 'Christmas Pork Tenderloin', 'Pork Tenderloin with Golden Beets', 'Beer Bratwurst', 'Baby Back Ribs with Tamarind Glaze', 'Spice-Rubbed Pork Tenderloin with a Mediterranean Grain Salad', 'Spaghetti and Meatballs', 'Our Favorite Meatloaf', ""Tim Love's Baby Back Ribs"", 'Cassoulet in the Style of Toulouse (Cassoulet de Toulouse)', 'Turkey Meatballs with Cranberry Sauce', 'Chipotle-Glazed Ribs', ""Sweetie Pie's Tender Oven-Baked St. Louis-Style BBQ Ribs"", 'Our Favorite Spaghetti and Meatballs', 'Spaghetti and Meatballs']"
powder,"['Thanksgiving Mac and Cheese', 'Buss Up Shut (Paratha Roti)', 'Papaya-and-Cubeb-Marinated Snapper With Baked Yam Chips', 'Drunk Apricot Shito (Ghanaian Hot Pepper Sauce)', 'Paneer With Burst Cherry Tomato Sauce', 'Zucchini-Lentil Fritters With Lemony Yogurt', 'Sour Cream and Onion Potato Salad', 'Chocolate Zucchini Cake', 'Peanut Butter Brookies', 'Stone Fruit Custard Tart', 'Tamale Pie with Fresh Tomato and Corn', 'Double Ripple Ice Cream Cake', 'No-Churn Fresh Mint and Chocolate Ice Cream', 'Peach Cobbler', 'Pork Shoulder Steaks With Horseradish-Mustard Sauce', 'Caribbean Smothered Chicken With Coconut, Lime, and Chiles', 'Pulled Pork Sandwiches', 'Fried Green Tomatoes', 'Cornbread Muffins With Whipped Sweet Corn', 'Whole Wheat–Oat Waffles', 'Salty Buckwheat Chocolate Chunk Cookies', 'Tahini Billionaire Bars', 'Ancho Mole Cookies', 'Chicken Spiedies (Marinated Chicken on a Bun)', 'Coconut-Lime Energy Bites', 'Sweet Potato and Pecan Waffles', 'Sumac, Spelt, and Apple Cake', 'Blueberry Lemon Corn Muffins', 'Efo Riro With Kale and Whitefish', 'Sumac Baked Fish With Saffron Quinoa', 'Jerk Tofu Wrapped in Collard Leaves', 'Greek Turkey Burgers', 'Chocolate-Almond Fridge Fudge', 'Chicken and Rice Meatballs With Hummus', 'Double Chocolate Rye Cookies', 'Market Suya (Nigerian Skewers)', 'Egusi Stew', 'Ackee Tacos with Island Guacamole', 'Okonomiyaki (“As You Like It”) Pancakes With Bonito Flakes', 'Cardamom-Pistachio Bûche de Noël', 'Chickpea-Mushroom Burgers', 'Instant Pot Chicken Parmesan Meatballs', 'Banana Cream Pie', 'Expertly Spiced and Glazed Roast Turkey', 'Lebkuchen (German Honey Bars)', 'Sweet Potato Bowls With Kale and Chickpeas', 'Smoky Dry-Rubbed Pork Steaks', 'Olive Oil Apple Cake with Spiced Sugar', 'Apple-Walnut Upside-Down Cake', 'Rose and Yogurt Panna Cotta', 'Apple-Honey-Pecan Muffins', 'Caramel Apple Cupcakes', 'Chipotle-Grilled Pork Shoulder Steaks with Corn Salsa', 'Cherry Biscuit Cobbler', 'Country-Style Ribs with Quick-Pickled Watermelon', 'Pear Pitcher Margaritas with Chile-Lime Rims', 'Avocado Peanut Butter Brownies', 'Maple Meatloaf Muffins', 'Slow-Cooker Chipotle-Orange Pork Tacos', 'Sheet-Pan Cider-Ricotta Pancakes with Pear Compote', 'Silky Pork and Cumin Stew', 'Lemon Cake with Fruit', 'Mexican Meat Patties with Fresh Corn Salsa', 'Ricotta Panna Cotta with Nectarines and Honey', 'Matcha–Chocolate Chip Cookies', 'Banana Coconut Muffins', 'Whole Grain Pancakes with Blackberries', 'The Best Vegan Breakfast Sandwich', 'Gluten-Free Chocolate and Buckwheat Waffles', 'Instant Pot Sticky Hoisin Baby Back Ribs', 'Ancho Chile Pork Tenderloin with Brussels Sprouts and Squash', 'Christmas Bombe with Spiced Cake and Chocolate-Brandy Glaze', 'Spiced Turkey Chili with Spaghetti Squash', 'Beer Bratwurst', 'Berry Explosion Muffins', 'Smoked Chicken Wings', '3-Ingredient Curry Grilled Chicken Wings', 'Gluten-Free Coconut Bread', 'Madeleines with Lavender Honey', 'Jam Bars', 'Ginger and Almond Bars', 'Flourless Cacao Fudge Cake', ""Tim Love's Baby Back Ribs"", 'Buckwheat Banana Cake with Yogurt-Espresso Frosting', 'Blondie Sundaes with Fried Walnuts and Candied Fennel', 'Chipotle-Glazed Ribs', 'Shrimp and Grits Fritters', 'Grilled Porcini-Rubbed Rack of Veal', 'Oat Shortcakes with Sautéed Apples, Cinnamon, and Whipped Cream', 'Corn Flour Shortcakes with Blackberries and Whipped Cream', 'Gluten-Free Pie Crust', 'Gluten-Free Citrus Sugar Cookies', 'Rice Salad with Fava Beans and Pistachios', 'Vegan Chili', 'Fish and Chips with Malt Vinegar Mayonnaise', 'Rose Water Shortbread Cookies', 'Blackberry Farm Griddle Cakes', 'Dark-Chocolate Cherry Brownies', 'Summer-Fruit Cobbler', 'Porcini-Crusted Beef Tenderloin with Truffle Butter Sauce', 'Baked Hawaiian Islands', 'Black Bean Chili with Butternut Squash', 'Gluten-Free Buttermilk Biscuits', 'Planked Beef Fillets with Porcini Slather', 'Gluten-Free Sesame Sandwich Bread', 'Gluten-Free Blueberry Corn Muffins', 'Tangerine Pie—Caramelized Pineapple Turnovers', 'Prime Rib Roast with Red-Wine Sauce']"
pork ribs,"['Country-Style Ribs with Quick-Pickled Watermelon', 'Barbecued Pork Fried Rice with Mushrooms and Extra Ginger', 'Party Posole Rojo', 'Sticky Maple and Bourbon Pork Ribs', 'Instant Pot Choucroute Garnie', 'Instant Pot Sticky Hoisin Baby Back Ribs', 'Baby Back Ribs with Tamarind Glaze', ""Tim Love's Baby Back Ribs"", 'Chipotle-Glazed Ribs', ""Sweetie Pie's Tender Oven-Baked St. Louis-Style BBQ Ribs""]"
pork shoulder,"['Grilled Pork Shoulder With Butter Vinegar Sauce', 'Pork Shoulder Steaks With Horseradish-Mustard Sauce', 'Grilled Pork Shoulder Steaks With Herb Salad', 'Pork Volcánes al Pastor', 'Spiced Roast Pork with Fennel and Apple Salad', 'Chipotle-Grilled Pork Shoulder Steaks with Corn Salsa', 'Barbecued Pork Fried Rice with Mushrooms and Extra Ginger', 'Slow-Cooker Chipotle-Orange Pork Tacos', 'Silky Pork and Cumin Stew', 'Sticky-Sweet Grilled Pork Shoulder with Hoisin and Molasses', 'Classic Cassoulet', 'Beer Bratwurst', 'Cassoulet in the Style of Toulouse (Cassoulet de Toulouse)']"
pork tenderloin,"['Pork Marbella', 'Spicy Pork Bowls with Greens', 'Big-Batch Freezer Pork Tenderloin Strips', 'Pork Tenderloin with Peach-Mustard Sauce', 'Dill-Crusted Pork Tenderloin with Farro, Pea, and Blistered Tomato Salad', 'Ancho Chile Pork Tenderloin with Brussels Sprouts and Squash', 'Chile-Marinated Pork with Vietnamese Brussels Sprouts', 'Christmas Pork Tenderloin', 'Pork Tenderloin with Golden Beets', 'Spice-Rubbed Pork Tenderloin with a Mediterranean Grain Salad']"
prime rib,"['Beef Rib Roast with Garlic and Rosemary', 'Mustard-Crusted Boneless Prime Rib Roast with Cream Sauce', 'Horseradish and Parsley Stuffed Rib-Eye Roast', 'Herb-Crusted Beef Rib Roast with Potatoes, Carrots, and Pinot Noir Jus', 'Prime Rib Roast', 'Mustard-Seed-Crusted Prime Rib Roast with Roasted Balsamic Onions', 'Salt and Pepper Crusted Rib Roast', 'Rib Eye Roast', 'Prime Rib Roast with Red-Wine Sauce']"
quinoa,"['Maple and Chile Roasted Squash With Quinoa Tabouli', 'Coconut-Creamed Corn and Grains', 'Seed and Nut Bread', 'Sumac Baked Fish With Saffron Quinoa', 'Chickpea-Mushroom Burgers', 'Instant Pot Red Bean and Quinoa Soup with Taco Fixins', 'Spiced Quinoa and Chickpea Bites', 'Quick Breakfast Quinoa', 'Buddha Bowl with Roasted Sweet Potatoes, Spiced Chickpeas, and Chard', 'Grilled Chicken and Quinoa with Matcha Dressing', 'Grain Bowls with Grilled Corn, Steak, and Avocado', 'Kimchi-Fried Grains', 'Whole Grain Pancakes with Blackberries', 'Twice-Roasted Squash with Parmesan Butter and Grains', 'Seeded Whole Grain Soda Bread', 'Grain Bowl Soup', 'Spice-Rubbed Pork Tenderloin with a Mediterranean Grain Salad', 'Slow-Cooker Oatmeal With Apples and Ginger', 'Veggie Burgers with Zucchini and Corn', '5-Grain Porridge with Bee Pollen, Apples, and Coconut', 'Fresh Gluten-Free Pasta']"
sausage,"['Italian Sausage and Bread Stuffing', 'Frogmore Stew', 'Sausage and Ricotta Baked Cannelloni', 'Lentil Kielbassoulet', 'Cornbread Stuffing With Sausage and Corn Nuts', 'Baked Pasta Shells with Sausage and Greens', 'Vegetarian Piri Piri Chorizo Bake', 'Panchos Argentinos (Argentine-Style Hot Dogs)', 'Spicy Egg Sandwich with Sausage and Pickled Peppers', 'Weeknight Beans on Toast', 'Make-Ahead Sheet-Pan Meatballs', 'Classic Cassoulet', 'Instant Pot Choucroute Garnie', 'Cassoulet in the Style of Toulouse (Cassoulet de Toulouse)', 'All-Day Slow-Cooker Cassoulet', 'Grilled Stuffed Peppers', 'Homemade Pappardelle with Bolognese Sauce', 'Shrimp and Andouille Pot Pies', 'Rack of Venison Stuffed with Pecans, Currants, Sausage, and Pears']"
seafood,"['Frogmore Stew', 'Seafood Sinigang (Sour and Savory Seafood Soup)', 'Baked Flaxseed Crab Cakes', 'Shellfish Boil with Spicy Green Dipping Sauce', 'Cioppino Seafood Stew with Gremolata Toasts', 'Grilled Lobster Paella', 'Personal Paella with Squid and Scallions', 'Shrimp and Andouille Pot Pies', 'Bouillabaisse, Simplified', 'Crab Quiche']"
shellfish,"['Seafood Sinigang (Sour and Savory Seafood Soup)', 'Summer Tomato Bouillabaisse with Basil Rouille']"
sirloin,"['Steak and Spring Vegetable Stir-Fry', 'Pan-Roasted Steak with Crispy Broccoli', 'Classic Smashed Cheeseburger', 'Spicy Korean Steak Tacos with Kimchi', 'The Barbecue Burger', 'Tri-Tip with Chimichurri', 'Seared Steak With Cipolline Onions And Radicchio', 'Layered Beef and Root Vegetables in a Spicy Coconut Curry', 'Beef Burger With Grilled Kale', 'Beef and Broccoli Stir-Fry']"
spelt,"['Summer Tomato and Ricotta Tart With Oat Pastry', 'Sumac, Spelt, and Apple Cake', 'Grains in Herby Buttermilk', 'Apple-Honey-Pecan Muffins', 'Parsnip and Butternut Squash with Flatbreads', 'Lentil Soup with Wheat Berries and Kale', 'Grain Salad with Tomatoes and Cucumbers', 'Kimchi-Fried Grains', 'Whole Grain Pancakes with Blackberries', 'Brothy Beans and Farro with Eggs and Mushrooms', 'Grain Bowl Soup']"
steak,"['Tamale Pie with Fresh Tomato and Corn', 'Pork Shoulder Steaks With Horseradish-Mustard Sauce', 'Grilled Pork Shoulder Steaks With Herb Salad', 'Smoky Dry-Rubbed Pork Steaks', 'Grilled Bacon BLTs', 'Beef and Ginger Stir-Fry', 'Chipotle-Grilled Pork Shoulder Steaks with Corn Salsa', 'Universal Marinade', 'Big Beans and Tomato Vinaigrette', 'Spaghetti with No-Cook Puttanesca', 'Grilled Steak With Peas and Eggplant Over Whipped Ricotta', 'Steak and Spring Vegetable Stir-Fry', 'Pan-Roasted Steak with Crispy Broccoli', 'Grain Bowls with Grilled Corn, Steak, and Avocado', 'Mustard-Crusted Boneless Prime Rib Roast with Cream Sauce', 'Spicy Korean Steak Tacos with Kimchi', 'Tri-Tip with Chimichurri', 'Seared Steak With Cipolline Onions And Radicchio', 'Beef Burger With Grilled Kale', 'Beef and Broccoli Stir-Fry', 'Beef Stroganoff with Peppered Spaetzle', 'Planked Beef Fillets with Porcini Slather', 'Beef Tenderloin Medallions with Potato ""Risotto""']"
tapioca flour,"['The Best Vegan Breakfast Sandwich', 'Peach Galette', ""Jeanne's Gluten-Free All-Purpose Flour"", 'Gluten-Free Buttermilk Biscuits', 'Gluten-Free Focaccia Bread', 'Gluten-Free Sesame Sandwich Bread', 'Gluten-Free Blueberry Corn Muffins', 'Gluten-Free Pizza']"
turkey,"['Italian Sausage and Bread Stuffing', 'Sloppy Joe Shirred Eggs With Spinach', 'Chicken Meatballs With Molokhieh, Garlic, and Cilantro', 'Chicken Zucchini Burgers', 'Satay Lettuce Wraps', 'Pistachio and Pomegranate Meatballs (Kufteh-Ye Pesteh-o Anar)', 'Greek Turkey Burgers', 'Why-Is-It-So-Good Gravy', 'Cornbread Stuffing With Sausage and Corn Nuts', 'Expertly Spiced and Glazed Roast Turkey', 'One-Pot Turkey Bolognese with “Spaghetti”', 'Freeform Chicken Meatballs with Carrots and Yogurt Sauce', 'Instant Pot Turkey Chili Verde', 'Thanksgiving Stock', 'Spiced Turkey Chili with Spaghetti Squash', 'Ginger Turkey Meatballs with Coconut Broth and Noodles', 'Cheddar-Stuffed Turkey Burgers', 'Thai-Spiced Turkey Burgers', 'Stuffed Pepper with Mushrooms, Greens, and Ground Turkey', 'Turkey Meatballs with Cranberry Sauce', 'Roast Turkey with Pomegranate Gravy']"
veal,"['Beer Bratwurst', 'Spaghetti and Meatballs', 'Provençal Roasted Garlic–Braised Breast of Veal with Springtime Stuffing', 'Meat Loaf With Mushroom Gravy', ""Petit Trois's French Onion Soup"", 'Grilled Porcini-Rubbed Rack of Veal', 'Our Favorite Spaghetti and Meatballs', 'Braised Veal Shanks with Bacon-Parmesan Crumbs', 'Roast Beef Stock', 'Tamarind-Braised Short Ribs with Truffle Sunchoke Purée, Watercress Purée, and Glazed Chanterelle Mushrooms', 'Prime Rib Roast with Red-Wine Sauce']"
venison,"['Slow-Cooked Venison', 'Grilled Stuffed Peppers', 'Homemade Pappardelle with Bolognese Sauce', 'Roasted Venison', 'Rack of Venison Stuffed with Pecans, Currants, Sausage, and Pears', 'Biltong', 'Pan-Seared Venison with Rosemary and Dried Cherries']"
white rice flour,"['Iranian Rice Cookies', 'Gluten-Free Coconut Bread', 'Almond and Jam Tart', 'Corn Flour Shortcakes with Blackberries and Whipped Cream', 'Apple, Pear, and Cranberry Coffee Cake', 'Buckwheat Linzer Cookies', 'Perfect Fish Tacos', 'Rose Water Shortbread Cookies', ""Jeanne's Gluten-Free All-Purpose Flour"", 'Gluten-Free Blueberry Corn Muffins', 'Gluten-Free Pizza']"
wild game,[]
wild rice,"['Massaged Kale with Tomatoes, Creamed Mozzarella, and Wild Rice', 'Wild Rice Dressing', 'Here Comes the Sun Breakfast Bowl', 'Kale and Wild Rice–Stuffed Winter Squash', 'Wild Rice with Watercress and Hazelnuts', 'Stuffed Pepper with Mushrooms, Greens, and Ground Turkey', 'Wild Rice-Crusted Halibut', ""Beets Don't Kale My Vibe Salad"", 'Sprouted Wild Rice with Pistachios and Spring Vegetables', 'Rice Salad with Fava Beans and Pistachios']"
Stir fry,"['Thanksgiving Mac and Cheese', 'Enfrijoladas', 'Creole Cream Cheesecake With Caramel-Apple Topping', 'Spiced Lamb and Dill Yogurt Pasta', 'Peanut Butter Brookies', 'Chicken Thighs With Tomatoes and Feta', 'Corn and Chickpea Bowls With Miso Tahini', 'Lentil Burgers', 'No-Churn Fresh Mint and Chocolate Ice Cream', 'Black-Eyed Pea Burgers With Creamy Barbecue Sauce and Chowchow', 'Frogmore Stew', 'Strawberry-Rhubarb Crisp', 'Fried Green Tomatoes', 'Cornbread Muffins With Whipped Sweet Corn', 'Whole Wheat–Oat Waffles', 'Grilled Pork Shoulder Steaks With Herb Salad', 'Crispy Turmeric-and-Pepper-Spiced Chicken Wings', 'Summer Tomato and Ricotta Tart With Oat Pastry', 'Aguas Frescas (Mexican Fruit Coolers)', 'Chicken Zucchini Burgers', 'Cashew Horchata (Horchata de Nuez de la India)', 'Ancho Mole Cookies', 'Golden Noodles With Chicken', 'Cheesy Chicken Melt With All of the Onions Relish', 'Sumac, Spelt, and Apple Cake', 'Grains in Herby Buttermilk', 'One-Pot Gingery Chicken and Rice With Peanut Sauce', 'Wood Ear and Cilantro Salad', 'Persian Celery Stew With Mushrooms (Khoresh-e Karafs)', 'Ginger-Scallion Meatballs With Green Curry Sauce', 'Egusi Stew', 'Mala Fried Peanuts', 'Ackee Tacos with Island Guacamole', 'Apple Pie Smoothie', 'Lime-Cilantro Chicken and Broccoli', 'Better Than Celery Juice', 'Banana Cream Pie', 'Rose and Yogurt Panna Cotta', 'Parsnip and Butternut Squash with Flatbreads', 'Tomato Fried Rice', 'Vegetarian Piri Piri Chorizo Bake', 'Baked Tomatoes, Peppers, and Goat Cheese with Crisped Toasts', 'Korean-Style Grilled Wings with Cucumber-Kimchi Salad', 'Grilled Chicken with Lemon and Thyme', 'Stone Fruit Clafoutis', 'Little Wedge Salad with Sour Cream Dressing', ""Liu Shaokun's Spicy Buckwheat Noodles with Chicken"", 'Buddha Bowl with Roasted Sweet Potatoes, Spiced Chickpeas, and Chard', 'Weeknight Beans on Toast', 'Raw Caramel Peanut Crunch Bars', 'Grilled Chicken and Quinoa with Matcha Dressing', 'Maple Meatloaf Muffins', 'Slow-Cooker Chipotle-Orange Pork Tacos', 'Spicy Lightly Pickled Cucumbers', 'Wild Rice Dressing', 'Sheet-Pan Cider-Ricotta Pancakes with Pear Compote', 'Lemon Cake with Fruit', 'Meatballs and Noodle Soup (Almondigas)', 'Cold Beef Tenderloin with Tomatoes and Cucumbers', 'Fried Meatballs with Tahini Sauce', 'Grain Salad with Tomatoes and Cucumbers', 'Peanut Butter–Banana Muffins', 'Dill-Crusted Pork Tenderloin with Farro, Pea, and Blistered Tomato Salad', 'Yogurt-Braised Chicken Legs with Garlic and Ginger', 'Apricot Coconut White Chocolate Pudding', 'Twice-Roasted Squash with Parmesan Butter and Grains', 'Slow Cooker Corned Beef Brisket with Cabbage, Potatoes & Dill', 'Brothy Beans and Farro with Eggs and Mushrooms', 'Mustard-Crusted Boneless Prime Rib Roast with Cream Sauce', 'Christmas Pork Tenderloin', 'Instant Pot Turkey Chili Verde', 'Rice with Parsley, Almonds, and Apricots', '3-Ingredient Korean Grilled Chicken Wings with Scallion', 'Gluten-Free Coconut Bread', 'Buckwheat Banana Cake with Yogurt-Espresso Frosting', 'Dukkah-Crusted Salmon With Cucumber and Chile Salad', 'Buckwheat Crêpes With Creamy Leeks and Baked Eggs', 'Gluten-Free Multi-Purpose Sweet Pastry Dough', 'Layered Beef and Root Vegetables in a Spicy Coconut Curry', 'Wild Rice-Crusted Halibut', 'Shellfish Boil with Spicy Green Dipping Sauce', 'Beef Burger With Grilled Kale', ""Beets Don't Kale My Vibe Salad"", 'Sprouted Wild Rice with Pistachios and Spring Vegetables', 'Corn Flour Shortcakes with Blackberries and Whipped Cream', 'Beef Wellington with Roasted Potatoes and Wilted Greens', 'Gluten-Free Citrus Sugar Cookies', 'Perfect Fish Tacos', 'Rice Salad with Fava Beans and Pistachios', 'Nectarine, Plum, and Raspberry Pie', 'Trail Mix Porridge', 'Fish and Chips with Malt Vinegar Mayonnaise', 'Pickled Nectarine Salad with Burrata', 'Banana Cream Pie', ""Jeanne's Gluten-Free All-Purpose Flour"", 'Popped Amaranth and Toasted Wheat Berry Fool', 'Slow-Cooked Venison', 'Porcini-Crusted Beef Tenderloin with Truffle Butter Sauce', 'Beef Stroganoff with Peppered Spaetzle', 'Black Bean Chili with Butternut Squash', 'Pineapple, Arugula, Macadamia Nut', 'Shrimp and Andouille Pot Pies', 'Gluten-Free Pizza', 'Chicken Piccata']"
Simmer,"['Hot Pimento Cheese Dip', 'Butternut Squash and Apple Soup', 'Caesar Salad Roast Chicken', 'Sloppy Joe Shirred Eggs With Spinach', 'Chicken Pelau', 'Our Favorite Creamy Mashed Potatoes', 'Drunk Apricot Shito (Ghanaian Hot Pepper Sauce)', 'Sesame-Scallion Chicken Salad', 'Zucchini-Lentil Fritters With Lemony Yogurt', 'Sour Cream and Onion Potato Salad', 'Pork Meatballs and Cucumber Salad', 'Frozen Avocado Cake', 'Chocolate Zucchini Cake', 'Tomato Pie With Sour Cream Crust', 'Peach and Sesame Crumble', 'Salted PB&J; Ice Cream Pie', 'Stone Fruit Custard Tart', 'Tamale Pie with Fresh Tomato and Corn', 'Stuffed Eggplants and Zucchini in a Rich Tomato Sauce (Baatingan w Kusaa Bil Banadoura)', 'Tiger Fruit Salad', 'Grilled Pork Shoulder With Butter Vinegar Sauce', 'Caribbean Smothered Chicken With Coconut, Lime, and Chiles', 'Spring Green Bowls', 'Sweet Potato and Pecan Waffles', 'Togarashi Cheesecake With Sorghum', 'Pickle Potato Salad', 'Greek Turkey Burgers', 'Chocolate-Almond Fridge Fudge', 'Chicken and Rice Meatballs With Hummus', 'Market Suya (Nigerian Skewers)', 'Lamb and Green Squash Dumplings', 'Secret Mango Creamsicle Smoothie', 'Chickpea-Mushroom Burgers', 'Seedy Power Sprinkle', 'Instant Pot Tequila Lime Carnitas', 'Sweet Potato Bowls With Kale and Chickpeas', 'Olive Oil Apple Cake with Spiced Sugar', 'Instant Pot Red Bean and Quinoa Soup with Taco Fixins', 'Caramel Apple Cupcakes', 'Green Rice with Tomatoes, Eggs, and Almonds', 'Universal Marinade', 'Smash Burger Alfresco', 'Panchos Argentinos (Argentine-Style Hot Dogs)', 'Grilled Steak With Peas and Eggplant Over Whipped Ricotta', 'Cabbage Tabbouleh', 'Seven-Spice Grilled Lamb Chops with Parsley Salad', 'Za’atar Chicken with Garlicky Yogurt', 'Chicken Saltimbocca with Crunchy Pea Salad', 'Better-Than-Takeout Stir-Fried Udon', 'Sunny Side Burger with Salsa Verde', 'Classic Smashed Cheeseburger', ""New Year's Eve Meat Pie"", 'Roast Chicken Legs with Lots of Garlic', 'Ricotta Panna Cotta with Nectarines and Honey', 'Peaches and Tomatoes with Burrata and Hot Sauce', 'Plum Salad with Black Pepper and Parmesan', 'Charred Cabbage with Goat Cheese Raita and Cucumbers', 'Kimchi-Fried Grains', 'Freeform Chicken Meatballs with Carrots and Yogurt Sauce', 'Here Comes the Sun Breakfast Bowl', 'The Best Vegan Breakfast Sandwich', 'Endive, Romaine, and Orange Salad for Two', 'Instant Pot Beef Barbacoa Tacos', 'Ancho Chile Pork Tenderloin with Brussels Sprouts and Squash', ""Mamaleh's Brisket"", 'Chewy No-Bake Grain and Oat Bars', 'Classic Spaghetti and Meatballs', 'Gluten-Free Blueberry Pancakes with Caramelized Bananas', 'Beer Bratwurst', 'Ginger Turkey Meatballs with Coconut Broth and Noodles', 'Smoked Chicken Wings', 'Vegan Banana Ice Cream', 'Gluten-Free Crab Cakes with Snap Pea Salad', 'Triple-Cooked Fries', 'Spaghetti and Meatballs', 'Savory Buckwheat Pancakes with Sun-Dried Tomatoes and Prosciutto', 'Our Favorite Meatloaf', 'Duck Legs Confit Cooked in a Pouch (“Confit” de Canard en Sous Vide)', 'Meat Loaf With Mushroom Gravy', 'All-Day Slow-Cooker Cassoulet', ""Sweetie Pie's Tender Oven-Baked St. Louis-Style BBQ Ribs"", 'Grilled Porcini-Rubbed Rack of Veal', 'Gluten-Free Pie Crust', 'Buckwheat Linzer Cookies', 'Breakfast Amaranth With Walnuts and Honey', 'Rosemary-Crumb Beef Tenderloin with Pancetta-Roasted Tomatoes', 'Roast Beef Tenderloin with Caesar Crust', 'Amaranth-Walnut Cookies with Brandy', 'Personal Paella with Squid and Scallions', 'Moroccan Lamb with Tabbouleh and Crispy Garlic', 'Grilled Stuffed Peppers', 'Gluten-Free Buttermilk Biscuits', 'Mustard-Seed-Crusted Prime Rib Roast with Roasted Balsamic Onions', 'Gluten-Free Focaccia Bread', 'Spaghetti and Meatballs', 'Homemade Pappardelle with Bolognese Sauce', 'Black Pepper Spice-Rubbed Beef Tenderloin', 'Salt and Pepper Crusted Rib Roast', 'Fried Green Tomatoes', 'Beef Ribs with Orange and Smoked Paprika Sauce', 'Bouillabaisse, Simplified', 'Rib Eye Roast', 'Baked Smoked Ham with Mango', 'Rack of Venison Stuffed with Pecans, Currants, Sausage, and Pears']"
Heat up,"['Instant Pot Lamb Haleem', 'Chicken and Rice With Leeks and Salsa Verde', 'Maple and Chile Roasted Squash With Quinoa Tabouli', 'Chhena Poda (Spiced Cheesecake)', 'Paneer', 'Spicy Coconut Pumpkin Soup', 'Shrimp Creole', 'Mango Curry', 'Braised Chicken Legs With Grapes and Fennel', 'Paneer With Burst Cherry Tomato Sauce', 'Thai Muslim–Style Grilled Chicken', 'Coconut Rice', 'Pear and Hazelnut Frangipane Tart', 'Grilled Flatfish With Pistachio-Herb Sauce', 'Mississippi Corn Pudding', 'Pulled Pork Sandwiches', 'Trail Mix Cookies', 'Agua de Limón con Chía (Limeade With Chia Seeds)', 'Pork and Asparagus Stir-Fry', 'Sausage and Ricotta Baked Cannelloni', 'Satay Lettuce Wraps', 'Big-Batch Parmesan Polenta', 'Carrot Ribbon Salad With Ginger, Parsley, and Dates', 'Braised Celery With Lentils and Garlic', 'Squash au Vin', 'Goat Birria Tacos With Cucumber Pico de Gallo', 'Pistachio and Pomegranate Meatballs (Kufteh-Ye Pesteh-o Anar)', 'Chicken-Lentil Soup With Jammy Onions', 'Green Curry Vinegar Chicken', 'Pork Marbella', 'Little Italy', 'Steel-Cut Oats with Squash and Tahini', 'One-Pot Pie with Callaloo, Plantain, Goat Cheese, and Cornmeal Crust', 'Why-Is-It-So-Good Gravy', 'Cornbread Stuffing With Sausage and Corn Nuts', 'Goat Butter Shortbread', 'Italian Fish and Vegetable Stew', 'Baked Pasta Shells with Sausage and Greens', 'Apple-Honey-Pecan Muffins', 'Grilled Bacon BLTs', 'Beef and Ginger Stir-Fry', 'Coconut Milk–Braised Chicken', 'Peach-Plum Galette', 'Big Beans and Tomato Vinaigrette', 'Hummus with Spiced Summer Squash and Lamb', 'Magic Crispy Chicken', 'Spicy Egg Sandwich with Sausage and Pickled Peppers', 'Double-Fried Chicken Wings', 'Spiced Lamb Burgers with Spring Slaw', 'Spicy Pork Bowls with Greens', 'Pear Pitcher Margaritas with Chile-Lime Rims', 'Rigatoni with Meat Sauce', 'Potato Tart with Mustard Greens and Lemon Thyme', 'Saffron Breakfast Kheer', 'Sheet-Pan Chicken Meatballs and Charred Broccoli', 'Pickled Rice Tabbouleh', 'Pear and Pickled Radish', 'Jerk-Spiced Duck', 'Silky Pork and Cumin Stew', 'Ground Pork Menudo', 'Mexican Meat Patties with Fresh Corn Salsa', 'Matcha–Chocolate Chip Cookies', 'Sticky-Sweet Grilled Pork Shoulder with Hoisin and Molasses', 'Instant Pot Chicken Stock', 'Arugula with Italian Plums and Parmesan', 'Whole Grain Pancakes with Blackberries', 'Seeded Whole Grain Soda Bread', 'Beef Chili', 'Kale and Wild Rice–Stuffed Winter Squash', 'Chicken Stew with Potatoes and Radishes', 'Christmas Bombe with Spiced Cake and Chocolate-Brandy Glaze', 'Wild Rice with Watercress and Hazelnuts', 'Madeleines with Lavender Honey', 'Spice-Rubbed Pork Tenderloin with a Mediterranean Grain Salad', 'Granola Bark', 'Ginger and Almond Bars', 'Flourless Cacao Fudge Cake', 'Almond and Jam Tart', 'Slow-Cooker Oatmeal With Apples and Ginger', 'Millet ""Burrito"" Bowl', 'Cauliflower Pizzas With Mozzarella, Kale, and Lemon', 'Baked Flaxseed Crab Cakes', 'Chicken Meatballs with Ginger and Miso', ""Petit Trois's French Onion Soup"", 'Our Favorite Spaghetti and Meatballs', 'Rice Pudding with Ginger, Amaranth, and Mango', 'Oat Shortcakes with Sautéed Apples, Cinnamon, and Whipped Cream', 'Beef and Broccoli Stir-Fry', 'Brainy Breakfast', 'Braised Veal Shanks with Bacon-Parmesan Crumbs', 'Horseradish and Parsley Stuffed Rib-Eye Roast', 'Apple, Pear, and Cranberry Coffee Cake', 'Cioppino Seafood Stew with Gremolata Toasts', 'Vegan Chili', 'Cherry and Plum Bruschetta', 'Sweet Potato Cupcakes', 'Baked Hawaiian Islands', 'Tabbouleh Burger', 'Summer Tomato Bouillabaisse with Basil Rouille', 'Beef Tenderloin Medallions with Potato ""Risotto""', 'Seared Beef Tenderloin with Thyme', 'Gluten-Free Blueberry Corn Muffins', 'Prime Rib Roast with Red-Wine Sauce', 'Pan-Seared Venison with Rosemary and Dried Cherries']"
Boil,"['Miso-Butter Roast Chicken With Acorn Squash Panzanella', 'Italian Sausage and Bread Stuffing', 'Iced Café de Olla', 'Papaya-and-Cubeb-Marinated Snapper With Baked Yam Chips', 'Tomato and Roasted Garlic Pie', 'Pork Chops and Padrón Chiles en Escabèche', 'Tacos de Gobernador (Shrimp, Poblano, and Cheese Tacos)', 'Plátanos Horneados con Crema y Queso (Baked Banana With Crema and Cheese)', 'Chicken Meatballs With Molokhieh, Garlic, and Cilantro', 'Double Ripple Ice Cream Cake', 'Peach Cobbler', 'Grilled Cauliflower Wedges With Herb Tarator', 'Open-Face Mushroom Sandwiches With Pecorino Salsa Verde', ""Dad's Peach Cobbler"", 'Salted Pistachio Crumbles With Berries and Ice Cream', 'Flatbread With Avocado and Scallion Salsa', 'Spring Chicken veg Salad', 'Salty Buckwheat Chocolate Chunk Cookies', 'Tahini Billionaire Bars', 'Broccoli and Spam Stir-Fry', 'Chicken Spiedies (Marinated Chicken on a Bun)', 'Coconut-Lime Energy Bites', 'Instant Pot Lemon Chicken With Garlic and Olives', 'Lentil Kielbassoulet', 'Torshi Tareh (Persian Sour Herb Stew With Marbled Eggs)', 'Sumac Baked Fish With Saffron Quinoa', 'Crispy Tofu Balls', 'Oat Milk', 'Ultimate Green Curry (Gaeng Khiaw Wan Gai)', 'Power Butter', 'Bright and Spicy Shrimp Noodle Salad', 'Double Chocolate Rye Cookies', 'Pork Wontons With Sesame Sauce', 'Blueberry Muffin Smoothie', 'Okonomiyaki (“As You Like It”) Pancakes With Bonito Flakes', 'Cardamom-Pistachio Bûche de Noël', 'Expertly Spiced and Glazed Roast Turkey', 'Comforting Little Casseroles', 'Smoky Dry-Rubbed Pork Steaks', 'Torn Potatoes of Many Colors With Chile-Lime Butter', 'Spiced Roast Pork with Fennel and Apple Salad', 'Spicy Carrot-Miso Dressing', 'Spaghetti with No-Cook Puttanesca', 'Grilled Lamb Chops and Peppers', 'Massaged Kale with Tomatoes, Creamed Mozzarella, and Wild Rice', 'Cherry Biscuit Cobbler', 'Spicy Chicken Lettuce Wraps', 'Chicken Piccata', 'Spiced Quinoa and Chickpea Bites', 'Quick Breakfast Quinoa', 'Avocado Peanut Butter Brownies', 'Kimchi and Miso Noodle Soup', 'Pan-Roasted Steak with Crispy Broccoli', 'Hazelnut Granola and Chia Pudding Bowls', 'Barbecued Pork Fried Rice with Mushrooms and Extra Ginger', 'Almond Syrup Cake', 'Lentil Soup with Wheat Berries and Kale', 'Almond Butter and Banana Pancakes', 'Grain Bowls with Grilled Corn, Steak, and Avocado', 'Pork Tenderloin with Peach-Mustard Sauce', 'Flourless Almond-Blueberry Muffins', 'Moroccan-Spiced Chicken with Millet Tabbouleh', 'Instant Pot Choucroute Garnie', 'Instant Pot Sticky Hoisin Baby Back Ribs', 'Grain Bowl Soup', 'Crispy Chicken Thighs with Kale, Apricots, and Olives', 'Make-Ahead Gravy', 'Thanksgiving Stock', 'Spiced Turkey Chili with Spaghetti Squash', 'Pork Tenderloin with Golden Beets', 'Charred Buttered Plums with Cheese', 'Cheddar-Stuffed Turkey Burgers', 'Spicy Korean Steak Tacos with Kimchi', 'Frozen Chocolate Bananas', 'Radicchio–Stone Fruit Salad', 'Nectarines and Peaches with Lavender Syrup', 'Herby Chicken Kofta Meatballs', 'Tofu-Vegetable Noodle Toss', 'Roasted Salmon with Celery and Bulgur Salad', 'Provençal Roasted Garlic–Braised Breast of Veal with Springtime Stuffing', ""Tim Love's Baby Back Ribs"", 'Cassoulet in the Style of Toulouse (Cassoulet de Toulouse)', 'Blondie Sundaes with Fried Walnuts and Candied Fennel', 'Veggie Burgers with Zucchini and Corn', 'Seared Steak With Cipolline Onions And Radicchio', 'Shrimp and Grits Fritters', '5-Grain Porridge with Bee Pollen, Apples, and Coconut', 'Amaranth ""Risotto"" With Mushrooms', 'Nutty Grain and Oat Bars', 'Millet-Scallion Pancakes', 'Peach Galette', 'Rose Water Shortbread Cookies', 'Blackberry Farm Griddle Cakes', 'Dark-Chocolate Cherry Brownies', 'Summer-Fruit Cobbler', 'Grilled Lobster Paella', 'Grapes Leaves with Bulgar and Mint', 'Prime Rib Roast', 'Braised Lamb Shanks with Swiss Chard', 'Planked Beef Fillets with Porcini Slather', 'Gluten-Free Sesame Sandwich Bread', 'Tangerine Pie—Caramelized Pineapple Turnovers', 'Roasted Venison', 'Roast Turkey with Pomegranate Gravy']"
Roast & Bake,"['Caramelized Plantain Parfait', 'Chicken and Potato Gratin With Brown Butter Cream', 'Dad’s Curried Chicken', 'Creole Cream Cheese', 'Buss Up Shut (Paratha Roti)', ""Veselka's Famous Borscht"", 'Coconut-Creamed Corn and Grains', 'Nut Butter Granola Bars', 'Tropi-Cobb Salad', 'Swiss Chard Pasta With Toasted Hazelnuts and Parmesan', 'Sweet Corn Frittata With Cherry Tomato Compote', 'Doenjang Jjigae (된장찌개 / Fermented-Soybean Stew)', 'Dakgangjeong (닭강정 / Korean Sweet, Crunchy Fried Chicken)', 'Spicy Pork Belly Sliders', 'Dashi', 'Charred-Peach Panzanella With Pickled Pepper Vinaigrette', 'Tahini-Walnut Magic Shell', 'Grilled Carrots With Avocado and Mint', 'Tortillas de Harina (Flour Tortillas)', 'Grilled Mushroom  Antipasto Salad', 'Pork Shoulder Steaks With Horseradish-Mustard Sauce', 'Grilled Peach Toast With Pimiento Cheese', 'Fruit Galette', 'Seed and Nut Bread', 'Blueberry Lemon Corn Muffins', 'Tangy Vinegar Chicken With Barberries and Orange', 'Pork Volcánes al Pastor', 'Efo Riro With Kale and Whitefish', 'Jerk Tofu Wrapped in Collard Leaves', 'Cassoulet Toast', 'Broiled Goat Cheese Toasts With Marinated Greens', 'Watermelon Chia Smoothie', 'Instant Pot Chicken Parmesan Meatballs', 'Ragù Bolognese', 'Buttery Bejeweled Rice', 'Spicy Mushroom Larb', 'Iranian Rice Cookies', 'Double-the-Mustard Chicken with Potatoes and Greens', 'Lebkuchen (German Honey Bars)', 'Rice Noodles and Tofu in Peanut Sauce', 'Pomegranate and Fennel Chicken (Pollastre amb Magrana)', 'Sour Cherry Relish', 'Apple-Walnut Upside-Down Cake', 'Vietnamese Pork Meatball Banh Mi Fried Rice', 'Chipotle-Grilled Pork Shoulder Steaks with Corn Salsa', 'Grilled Beet Salad with Burrata and Cherries', 'Pecan Bourbon Baklava', 'Country-Style Ribs with Quick-Pickled Watermelon', 'Sumac-Rubbed Lamb with Minty Artichokes', 'Steak and Spring Vegetable Stir-Fry', 'Sesame Pork Burgers with Sweet and Spicy Slaw', 'Corned Beef with Crispy Roasted Potatoes and Cabbage', 'Big-Batch Freezer Pork Tenderloin Strips', 'Big-Batch Seasoned Ground Beef', 'Beef Rib Roast with Garlic and Rosemary', 'Roasted Ducklings in Orange Sauce', 'Instant Pot Beef and Sweet Potato Chili', 'Leek-Top Baking-Sheet Hash', 'Make-Ahead Sheet-Pan Meatballs', 'Filipino-Style Spiced Vinegar', 'Seafood Sinigang (Sour and Savory Seafood Soup)', 'Plum-Cardamom Crumble with Pistachios', 'Grilled Pork Chops with Plums, Halloumi, and Lemon', 'Grilled Brisket with Scallion-Peanut Salsa', 'One-Pot Turkey Bolognese with “Spaghetti”', 'Chicken Salad with Apricots, Celery, and Blue Cheese', 'Banana Coconut Muffins', 'Strawberry-Rhubarb Galette with Buckwheat Crust', 'Party Posole Rojo', ""My Mother's Brisket"", 'Classic Cassoulet', 'Slow Cooker Pot Roast with Charred Onion & Chickpea Salad', 'Sticky Maple and Bourbon Pork Ribs', 'Shrimp Tacos with Pineapple', 'Chicken and Tomato Stew with Caramelized Lemon', 'Gluten-Free Chocolate and Buckwheat Waffles', 'Instant-Pot Korean Chile-Braised Brisket and Kimchi Coleslaw', 'Good Luck Beef and Korean Rice Cake Soup (Tteokguk)', 'Chile-Marinated Pork with Vietnamese Brussels Sprouts', 'Berry Explosion Muffins', '3-Ingredient Garlic-Herb Grilled Chicken Wings', '3-Ingredient Curry Grilled Chicken Wings', 'Somali Beef Stew with Spiced Rice (Bariis Maraq)', 'Baby Back Ribs with Tamarind Glaze', 'The Barbecue Burger', 'Thai-Spiced Turkey Burgers', 'Stuffed Pepper with Mushrooms, Greens, and Ground Turkey', 'Jam Bars', 'Cauliflower-Crust Pizza with Tomatoes and Mozzarella', 'Duck Two Ways With Clementine-Fig Relish', 'Turkey Meatballs with Cranberry Sauce', 'Tri-Tip with Chimichurri', 'Chipotle-Glazed Ribs', 'Fruit and Seed Bars', 'Tomato and Cabbage Tabbouleh', 'Roast Beef Stock', 'Tamarind-Braised Short Ribs with Truffle Sunchoke Purée, Watercress Purée, and Glazed Chanterelle Mushrooms', 'Herb-Crusted Beef Rib Roast with Potatoes, Carrots, and Pinot Noir Jus', 'Coconut Rice', 'Fresh Gluten-Free Pasta', 'Lemon-Nut Torte with Summer Berries', 'Grilled Rum-Basted Pineapple with Sorbet', 'Biltong', 'Crab Quiche']"
veg,"['Maple and Chile Roasted Squash With Quinoa Tabouli', 'Nut Butter Granola Bars', 'Peach and Sesame Crumble', 'Pear and Hazelnut Frangipane Tart', 'Dashi', 'Salted PB&J; Ice Cream Pie', 'Corn and Chickpea Bowls With Miso Tahini', 'Plátanos Horneados con Crema y Queso (Baked Banana With Crema and Cheese)', 'Charred-Peach Panzanella With Pickled Pepper Vinaigrette', 'Grilled Carrots With Avocado and Mint', 'Tiger Fruit Salad', 'Grilled Mushroom  Antipasto Salad', 'Black-Eyed Pea Burgers With Creamy Barbecue Sauce and Chowchow', 'Grilled Peach Toast With Pimiento Cheese', 'Grilled Cauliflower Wedges With Herb Tarator', 'Open-Face Mushroom Sandwiches With Pecorino Salsa Verde', ""Dad's Peach Cobbler"", 'Strawberry-Rhubarb Crisp', 'Salted Pistachio Crumbles With Berries and Ice Cream', 'Summer Tomato and Ricotta Tart With Oat Pastry', 'Fruit Galette', 'Agua de Limón con Chía (Limeade With Chia Seeds)', 'Aguas Frescas (Mexican Fruit Coolers)', 'Cashew Horchata (Horchata de Nuez de la India)', 'Broccoli and Spam Stir-Fry', 'Spring Green Bowls', 'Seed and Nut Bread', 'Big-Batch Parmesan Polenta', 'Carrot Ribbon Salad With Ginger, Parsley, and Dates', 'Squash au Vin', 'Wood Ear and Cilantro Salad', 'Persian Celery Stew With Mushrooms (Khoresh-e Karafs)', 'Crispy Tofu Balls', 'Oat Milk', 'Power Butter', 'Little Italy', 'Mala Fried Peanuts', 'Better Than Celery Juice', 'Seedy Power Sprinkle', 'Buttery Bejeweled Rice', 'Iranian Rice Cookies', 'Sour Cherry Relish', 'Torn Potatoes of Many Colors With Chile-Lime Butter', 'Instant Pot Red Bean and Quinoa Soup with Taco Fixins', 'Parsnip and Butternut Squash with Flatbreads', 'Spicy Carrot-Miso Dressing', 'Tomato Fried Rice', 'Peach-Plum Galette', 'Green Rice with Tomatoes, Eggs, and Almonds', 'Grilled Beet Salad with Burrata and Cherries', 'Pecan Bourbon Baklava', 'Massaged Kale with Tomatoes, Creamed Mozzarella, and Wild Rice', 'Cabbage Tabbouleh', 'Spiced Quinoa and Chickpea Bites', 'Little Wedge Salad with Sour Cream Dressing', 'Kimchi and Miso Noodle Soup', 'Buddha Bowl with Roasted Sweet Potatoes, Spiced Chickpeas, and Chard', 'Pickled Rice Tabbouleh', 'Hazelnut Granola and Chia Pudding Bowls', 'Almond Syrup Cake', 'Lentil Soup with Wheat Berries and Kale', 'Almond Butter and Banana Pancakes', 'Pear and Pickled Radish', 'Spicy Lightly Pickled Cucumbers', 'Wild Rice Dressing', 'Plum-Cardamom Crumble with Pistachios', 'Peaches and Tomatoes with Burrata and Hot Sauce', 'Plum Salad with Black Pepper and Parmesan', 'Arugula with Italian Plums and Parmesan', 'Grain Salad with Tomatoes and Cucumbers', 'Peanut Butter–Banana Muffins', 'Strawberry-Rhubarb Galette with Buckwheat Crust', 'Kimchi-Fried Grains', 'Flourless Almond-Blueberry Muffins', 'Twice-Roasted Squash with Parmesan Butter and Grains', 'Shrimp Tacos with Pineapple', 'Brothy Beans and Farro with Eggs and Mushrooms', 'Kale and Wild Rice–Stuffed Winter Squash', 'Gluten-Free Blueberry Pancakes with Caramelized Bananas', 'Rice with Parsley, Almonds, and Apricots', 'Vegan Banana Ice Cream', 'Nectarines and Peaches with Lavender Syrup', 'Wild Rice with Watercress and Hazelnuts', 'Gluten-Free Crab Cakes with Snap Pea Salad', 'Tofu-Vegetable Noodle Toss', 'Granola Bark', 'Savory Buckwheat Pancakes with Sun-Dried Tomatoes and Prosciutto', 'Cauliflower-Crust Pizza with Tomatoes and Mozzarella', 'Roasted Salmon with Celery and Bulgur Salad', 'Almond and Jam Tart', 'Slow-Cooker Oatmeal With Apples and Ginger', 'Cauliflower Pizzas With Mozzarella, Kale, and Lemon', 'Dukkah-Crusted Salmon With Cucumber and Chile Salad', 'Veggie Burgers with Zucchini and Corn', 'Wild Rice-Crusted Halibut', 'Sprouted Wild Rice with Pistachios and Spring Vegetables', 'Fruit and Seed Bars', 'Brainy Breakfast', '5-Grain Porridge with Bee Pollen, Apples, and Coconut', 'Apple, Pear, and Cranberry Coffee Cake', 'Tomato and Cabbage Tabbouleh', 'Nectarine, Plum, and Raspberry Pie', 'Trail Mix Porridge', 'Amaranth ""Risotto"" With Mushrooms', 'Nutty Grain and Oat Bars', 'Pickled Nectarine Salad with Burrata', ""Jeanne's Gluten-Free All-Purpose Flour"", 'Popped Amaranth and Toasted Wheat Berry Fool', 'Coconut Rice', 'Amaranth-Walnut Cookies with Brandy', 'Tabbouleh Burger', 'Grapes Leaves with Bulgar and Mint', 'Fresh Gluten-Free Pasta', 'Gluten-Free Focaccia Bread', 'Pineapple, Arugula, Macadamia Nut', 'Lemon-Nut Torte with Summer Berries', 'Fried Green Tomatoes', 'Grilled Rum-Basted Pineapple with Sorbet', 'Baked Smoked Ham with Mango']"
meat,"['Miso-Butter Roast Chicken With Acorn Squash Panzanella', 'Italian Sausage and Bread Stuffing', 'Instant Pot Lamb Haleem', 'Butternut Squash and Apple Soup', 'Caesar Salad Roast Chicken', 'Chicken and Rice With Leeks and Salsa Verde', 'Chicken and Potato Gratin With Brown Butter Cream', 'Sloppy Joe Shirred Eggs With Spinach', 'Dad’s Curried Chicken', 'Shrimp Creole', 'Braised Chicken Legs With Grapes and Fennel', ""Veselka's Famous Borscht"", 'Sesame-Scallion Chicken Salad', 'Tropi-Cobb Salad', 'Pork Chops and Padrón Chiles en Escabèche', 'Doenjang Jjigae (된장찌개 / Fermented-Soybean Stew)', 'Dakgangjeong (닭강정 / Korean Sweet, Crunchy Fried Chicken)', 'Spicy Pork Belly Sliders', 'Thai Muslim–Style Grilled Chicken', 'Chicken Thighs With Tomatoes and Feta', 'Stuffed Eggplants and Zucchini in a Rich Tomato Sauce (Baatingan w Kusaa Bil Banadoura)', 'Chicken Meatballs With Molokhieh, Garlic, and Cilantro', 'Grilled Pork Shoulder With Butter Vinegar Sauce', 'Tortillas de Harina (Flour Tortillas)', 'Grilled Flatfish With Pistachio-Herb Sauce', 'Frogmore Stew', 'Grilled Pork Shoulder Steaks With Herb Salad', 'Crispy Turmeric-and-Pepper-Spiced Chicken Wings', 'Spring Chicken veg Salad', 'Pork and Asparagus Stir-Fry', 'Golden Noodles With Chicken', 'Satay Lettuce Wraps', 'Instant Pot Lemon Chicken With Garlic and Olives', 'Braised Celery With Lentils and Garlic', 'One-Pot Gingery Chicken and Rice With Peanut Sauce', 'Lentil Kielbassoulet', 'Pickle Potato Salad', 'Tangy Vinegar Chicken With Barberries and Orange', 'Goat Birria Tacos With Cucumber Pico de Gallo', 'Torshi Tareh (Persian Sour Herb Stew With Marbled Eggs)', 'Pistachio and Pomegranate Meatballs (Kufteh-Ye Pesteh-o Anar)', 'Cassoulet Toast', 'Chicken-Lentil Soup With Jammy Onions', 'Green Curry Vinegar Chicken', 'Ginger-Scallion Meatballs With Green Curry Sauce', 'Pork Marbella', 'Bright and Spicy Shrimp Noodle Salad', 'Lamb and Green Squash Dumplings', 'Pork Wontons With Sesame Sauce', 'Lime-Cilantro Chicken and Broccoli', 'Instant Pot Tequila Lime Carnitas', 'Why-Is-It-So-Good Gravy', 'Cornbread Stuffing With Sausage and Corn Nuts', 'Spicy Mushroom Larb', 'Goat Butter Shortbread', 'Double-the-Mustard Chicken with Potatoes and Greens', 'Italian Fish and Vegetable Stew', 'Rice Noodles and Tofu in Peanut Sauce', 'Pomegranate and Fennel Chicken (Pollastre amb Magrana)', 'Baked Pasta Shells with Sausage and Greens', 'Spiced Roast Pork with Fennel and Apple Salad', 'Grilled Bacon BLTs', 'Beef and Ginger Stir-Fry', 'Vietnamese Pork Meatball Banh Mi Fried Rice', 'Vegetarian Piri Piri Chorizo Bake', 'Universal Marinade', 'Big Beans and Tomato Vinaigrette', 'Spaghetti with No-Cook Puttanesca', 'Hummus with Spiced Summer Squash and Lamb', 'Grilled Lamb Chops and Peppers', 'Korean-Style Grilled Wings with Cucumber-Kimchi Salad', 'Spicy Chicken Lettuce Wraps', 'Magic Crispy Chicken', 'Grilled Chicken with Lemon and Thyme', 'Panchos Argentinos (Argentine-Style Hot Dogs)', 'Double-Fried Chicken Wings', 'Spiced Lamb Burgers with Spring Slaw', 'Chicken Piccata', 'Steak and Spring Vegetable Stir-Fry', 'Spicy Pork Bowls with Greens', 'Chicken Saltimbocca with Crunchy Pea Salad', 'Better-Than-Takeout Stir-Fried Udon', 'Sesame Pork Burgers with Sweet and Spicy Slaw', ""Liu Shaokun's Spicy Buckwheat Noodles with Chicken"", 'Sheet-Pan Chicken Meatballs and Charred Broccoli', 'Corned Beef with Crispy Roasted Potatoes and Cabbage', 'Big-Batch Freezer Pork Tenderloin Strips', 'Pan-Roasted Steak with Crispy Broccoli', 'Weeknight Beans on Toast', 'Sunny Side Burger with Salsa Verde', 'Barbecued Pork Fried Rice with Mushrooms and Extra Ginger', 'Grilled Chicken and Quinoa with Matcha Dressing', ""New Year's Eve Meat Pie"", 'Jerk-Spiced Duck', 'Big-Batch Seasoned Ground Beef', 'Beef Rib Roast with Garlic and Rosemary', 'Roasted Ducklings in Orange Sauce', 'Roast Chicken Legs with Lots of Garlic', 'Leek-Top Baking-Sheet Hash', 'Filipino-Style Spiced Vinegar', 'Ground Pork Menudo', 'Meatballs and Noodle Soup (Almondigas)', 'Seafood Sinigang (Sour and Savory Seafood Soup)', 'Cold Beef Tenderloin with Tomatoes and Cucumbers', 'Sticky-Sweet Grilled Pork Shoulder with Hoisin and Molasses', 'Grilled Brisket with Scallion-Peanut Salsa', 'Pork Tenderloin with Peach-Mustard Sauce', 'Instant Pot Chicken Stock', 'Fried Meatballs with Tahini Sauce', 'Dill-Crusted Pork Tenderloin with Farro, Pea, and Blistered Tomato Salad', 'Party Posole Rojo', 'Freeform Chicken Meatballs with Carrots and Yogurt Sauce', 'Moroccan-Spiced Chicken with Millet Tabbouleh', ""My Mother's Brisket"", 'Classic Cassoulet', 'Slow Cooker Pot Roast with Charred Onion & Chickpea Salad', 'Slow Cooker Corned Beef Brisket with Cabbage, Potatoes & Dill', 'Sticky Maple and Bourbon Pork Ribs', 'Chicken and Tomato Stew with Caramelized Lemon', 'Beef Chili', 'Instant Pot Choucroute Garnie', 'Grain Bowl Soup', 'Instant-Pot Korean Chile-Braised Brisket and Kimchi Coleslaw', 'Chicken Stew with Potatoes and Radishes', 'Crispy Chicken Thighs with Kale, Apricots, and Olives', 'Mustard-Crusted Boneless Prime Rib Roast with Cream Sauce', ""Mamaleh's Brisket"", 'Good Luck Beef and Korean Rice Cake Soup (Tteokguk)', 'Chile-Marinated Pork with Vietnamese Brussels Sprouts', 'Christmas Pork Tenderloin', 'Make-Ahead Gravy', 'Thanksgiving Stock', 'Pork Tenderloin with Golden Beets', 'Cheddar-Stuffed Turkey Burgers', 'Spicy Korean Steak Tacos with Kimchi', '3-Ingredient Korean Grilled Chicken Wings with Scallion', '3-Ingredient Garlic-Herb Grilled Chicken Wings', 'Somali Beef Stew with Spiced Rice (Bariis Maraq)', 'Baby Back Ribs with Tamarind Glaze', 'The Barbecue Burger', 'Herby Chicken Kofta Meatballs', 'Spice-Rubbed Pork Tenderloin with a Mediterranean Grain Salad', 'Triple-Cooked Fries', 'Thai-Spiced Turkey Burgers', 'Stuffed Pepper with Mushrooms, Greens, and Ground Turkey', 'Provençal Roasted Garlic–Braised Breast of Veal with Springtime Stuffing', 'Duck Two Ways With Clementine-Fig Relish', 'Cassoulet in the Style of Toulouse (Cassoulet de Toulouse)', 'Duck Legs Confit Cooked in a Pouch (“Confit” de Canard en Sous Vide)', 'Meat Loaf With Mushroom Gravy', 'All-Day Slow-Cooker Cassoulet', 'Tri-Tip with Chimichurri', 'Baked Flaxseed Crab Cakes', 'Seared Steak With Cipolline Onions And Radicchio', 'Chicken Meatballs with Ginger and Miso', ""Sweetie Pie's Tender Oven-Baked St. Louis-Style BBQ Ribs"", 'Shellfish Boil with Spicy Green Dipping Sauce', 'Beef and Broccoli Stir-Fry', 'Beef Wellington with Roasted Potatoes and Wilted Greens', 'Braised Veal Shanks with Bacon-Parmesan Crumbs', 'Horseradish and Parsley Stuffed Rib-Eye Roast', 'Cioppino Seafood Stew with Gremolata Toasts', 'Perfect Fish Tacos', 'Roast Beef Stock', 'Tamarind-Braised Short Ribs with Truffle Sunchoke Purée, Watercress Purée, and Glazed Chanterelle Mushrooms', 'Herb-Crusted Beef Rib Roast with Potatoes, Carrots, and Pinot Noir Jus', 'Slow-Cooked Venison', 'Rosemary-Crumb Beef Tenderloin with Pancetta-Roasted Tomatoes', 'Roast Beef Tenderloin with Caesar Crust', 'Beef Stroganoff with Peppered Spaetzle', 'Summer Tomato Bouillabaisse with Basil Rouille', 'Grilled Lobster Paella', 'Personal Paella with Squid and Scallions', 'Prime Rib Roast', 'Moroccan Lamb with Tabbouleh and Crispy Garlic', 'Braised Lamb Shanks with Swiss Chard', 'Grilled Stuffed Peppers', 'Mustard-Seed-Crusted Prime Rib Roast with Roasted Balsamic Onions', 'Black Pepper Spice-Rubbed Beef Tenderloin', 'Shrimp and Andouille Pot Pies', 'Salt and Pepper Crusted Rib Roast', 'Beef Ribs with Orange and Smoked Paprika Sauce', 'Bouillabaisse, Simplified', 'Rib Eye Roast', 'Roasted Venison', 'Rack of Venison Stuffed with Pecans, Currants, Sausage, and Pears', 'Biltong', 'Roast Turkey with Pomegranate Gravy', 'Chicken Piccata', 'Pan-Seared Venison with Rosemary and Dried Cherries']"
dessert,"['Thanksgiving Mac and Cheese', 'Hot Pimento Cheese Dip', 'Enfrijoladas', 'Caramelized Plantain Parfait', 'Chhena Poda (Spiced Cheesecake)', 'Paneer', 'Spicy Coconut Pumpkin Soup', 'Chicken Pelau', 'Our Favorite Creamy Mashed Potatoes', 'Creole Cream Cheesecake With Caramel-Apple Topping', 'Creole Cream Cheese', 'Buss Up Shut (Paratha Roti)', 'Mango Curry', 'Iced Café de Olla', 'Papaya-and-Cubeb-Marinated Snapper With Baked Yam Chips', 'Drunk Apricot Shito (Ghanaian Hot Pepper Sauce)', 'Coconut-Creamed Corn and Grains', 'Tomato and Roasted Garlic Pie', 'Paneer With Burst Cherry Tomato Sauce', 'Spiced Lamb and Dill Yogurt Pasta', 'Zucchini-Lentil Fritters With Lemony Yogurt', 'Sour Cream and Onion Potato Salad', 'Pork Meatballs and Cucumber Salad', 'Frozen Avocado Cake', 'Chocolate Zucchini Cake', 'Swiss Chard Pasta With Toasted Hazelnuts and Parmesan', 'Sweet Corn Frittata With Cherry Tomato Compote', 'Tomato Pie With Sour Cream Crust', 'Coconut Rice', 'Peanut Butter Brookies', 'Tacos de Gobernador (Shrimp, Poblano, and Cheese Tacos)', 'Stone Fruit Custard Tart', 'Tamale Pie with Fresh Tomato and Corn', 'Tahini-Walnut Magic Shell', 'Lentil Burgers', 'Double Ripple Ice Cream Cake', 'No-Churn Fresh Mint and Chocolate Ice Cream', 'Peach Cobbler', 'Pork Shoulder Steaks With Horseradish-Mustard Sauce', 'Mississippi Corn Pudding', 'Caribbean Smothered Chicken With Coconut, Lime, and Chiles', 'Pulled Pork Sandwiches', 'Fried Green Tomatoes', 'Cornbread Muffins With Whipped Sweet Corn', 'Trail Mix Cookies', 'Whole Wheat–Oat Waffles', 'Flatbread With Avocado and Scallion Salsa', 'Salty Buckwheat Chocolate Chunk Cookies', 'Tahini Billionaire Bars', 'Chicken Zucchini Burgers', 'Ancho Mole Cookies', 'Sausage and Ricotta Baked Cannelloni', 'Cheesy Chicken Melt With All of the Onions Relish', 'Chicken Spiedies (Marinated Chicken on a Bun)', 'Coconut-Lime Energy Bites', 'Sweet Potato and Pecan Waffles', 'Sumac, Spelt, and Apple Cake', 'Togarashi Cheesecake With Sorghum', 'Blueberry Lemon Corn Muffins', 'Grains in Herby Buttermilk', 'Pork Volcánes al Pastor', 'Efo Riro With Kale and Whitefish', 'Sumac Baked Fish With Saffron Quinoa', 'Jerk Tofu Wrapped in Collard Leaves', 'Greek Turkey Burgers', 'Chocolate-Almond Fridge Fudge', 'Ultimate Green Curry (Gaeng Khiaw Wan Gai)', 'Chicken and Rice Meatballs With Hummus', 'Double Chocolate Rye Cookies', 'Broiled Goat Cheese Toasts With Marinated Greens', 'Market Suya (Nigerian Skewers)', 'Egusi Stew', 'Steel-Cut Oats with Squash and Tahini', 'One-Pot Pie with Callaloo, Plantain, Goat Cheese, and Cornmeal Crust', 'Ackee Tacos with Island Guacamole', 'Watermelon Chia Smoothie', 'Secret Mango Creamsicle Smoothie', 'Blueberry Muffin Smoothie', 'Apple Pie Smoothie', 'Okonomiyaki (“As You Like It”) Pancakes With Bonito Flakes', 'Cardamom-Pistachio Bûche de Noël', 'Chickpea-Mushroom Burgers', 'Instant Pot Chicken Parmesan Meatballs', 'Ragù Bolognese', 'Banana Cream Pie', 'Expertly Spiced and Glazed Roast Turkey', 'Lebkuchen (German Honey Bars)', 'Sweet Potato Bowls With Kale and Chickpeas', 'Comforting Little Casseroles', 'Smoky Dry-Rubbed Pork Steaks', 'Olive Oil Apple Cake with Spiced Sugar', 'Apple-Walnut Upside-Down Cake', 'Rose and Yogurt Panna Cotta', 'Apple-Honey-Pecan Muffins', 'Caramel Apple Cupcakes', 'Coconut Milk–Braised Chicken', 'Chipotle-Grilled Pork Shoulder Steaks with Corn Salsa', 'Smash Burger Alfresco', 'Baked Tomatoes, Peppers, and Goat Cheese with Crisped Toasts', 'Cherry Biscuit Cobbler', 'Stone Fruit Clafoutis', 'Spicy Egg Sandwich with Sausage and Pickled Peppers', 'Grilled Steak With Peas and Eggplant Over Whipped Ricotta', 'Country-Style Ribs with Quick-Pickled Watermelon', 'Sumac-Rubbed Lamb with Minty Artichokes', 'Seven-Spice Grilled Lamb Chops with Parsley Salad', 'Pear Pitcher Margaritas with Chile-Lime Rims', 'Quick Breakfast Quinoa', 'Za’atar Chicken with Garlicky Yogurt', 'Avocado Peanut Butter Brownies', 'Rigatoni with Meat Sauce', 'Potato Tart with Mustard Greens and Lemon Thyme', 'Saffron Breakfast Kheer', 'Raw Caramel Peanut Crunch Bars', 'Maple Meatloaf Muffins', 'Classic Smashed Cheeseburger', 'Slow-Cooker Chipotle-Orange Pork Tacos', 'Sheet-Pan Cider-Ricotta Pancakes with Pear Compote', 'Instant Pot Beef and Sweet Potato Chili', 'Silky Pork and Cumin Stew', 'Lemon Cake with Fruit', 'Make-Ahead Sheet-Pan Meatballs', 'Mexican Meat Patties with Fresh Corn Salsa', 'Ricotta Panna Cotta with Nectarines and Honey', 'Grilled Pork Chops with Plums, Halloumi, and Lemon', 'Matcha–Chocolate Chip Cookies', 'Grain Bowls with Grilled Corn, Steak, and Avocado', 'Charred Cabbage with Goat Cheese Raita and Cucumbers', 'One-Pot Turkey Bolognese with “Spaghetti”', 'Chicken Salad with Apricots, Celery, and Blue Cheese', 'Banana Coconut Muffins', 'Whole Grain Pancakes with Blackberries', 'Yogurt-Braised Chicken Legs with Garlic and Ginger', 'Apricot Coconut White Chocolate Pudding', 'Here Comes the Sun Breakfast Bowl', 'The Best Vegan Breakfast Sandwich', 'Seeded Whole Grain Soda Bread', 'Gluten-Free Chocolate and Buckwheat Waffles', 'Instant Pot Sticky Hoisin Baby Back Ribs', 'Endive, Romaine, and Orange Salad for Two', 'Instant Pot Beef Barbacoa Tacos', 'Ancho Chile Pork Tenderloin with Brussels Sprouts and Squash', 'Christmas Bombe with Spiced Cake and Chocolate-Brandy Glaze', 'Instant Pot Turkey Chili Verde', 'Spiced Turkey Chili with Spaghetti Squash', 'Chewy No-Bake Grain and Oat Bars', 'Classic Spaghetti and Meatballs', 'Charred Buttered Plums with Cheese', 'Beer Bratwurst', 'Ginger Turkey Meatballs with Coconut Broth and Noodles', 'Berry Explosion Muffins', 'Frozen Chocolate Bananas', 'Smoked Chicken Wings', 'Radicchio–Stone Fruit Salad', '3-Ingredient Curry Grilled Chicken Wings', 'Gluten-Free Coconut Bread', 'Madeleines with Lavender Honey', 'Spaghetti and Meatballs', 'Jam Bars', 'Our Favorite Meatloaf', 'Ginger and Almond Bars', 'Flourless Cacao Fudge Cake', ""Tim Love's Baby Back Ribs"", 'Buckwheat Banana Cake with Yogurt-Espresso Frosting', 'Turkey Meatballs with Cranberry Sauce', 'Millet ""Burrito"" Bowl', 'Blondie Sundaes with Fried Walnuts and Candied Fennel', 'Buckwheat Crêpes With Creamy Leeks and Baked Eggs', 'Gluten-Free Multi-Purpose Sweet Pastry Dough', 'Chipotle-Glazed Ribs', 'Layered Beef and Root Vegetables in a Spicy Coconut Curry', 'Shrimp and Grits Fritters', ""Petit Trois's French Onion Soup"", 'Grilled Porcini-Rubbed Rack of Veal', 'Beef Burger With Grilled Kale', ""Beets Don't Kale My Vibe Salad"", 'Our Favorite Spaghetti and Meatballs', 'Rice Pudding with Ginger, Amaranth, and Mango', 'Oat Shortcakes with Sautéed Apples, Cinnamon, and Whipped Cream', 'Corn Flour Shortcakes with Blackberries and Whipped Cream', 'Gluten-Free Pie Crust', 'Gluten-Free Citrus Sugar Cookies', 'Buckwheat Linzer Cookies', 'Rice Salad with Fava Beans and Pistachios', 'Vegan Chili', 'Breakfast Amaranth With Walnuts and Honey', 'Millet-Scallion Pancakes', 'Fish and Chips with Malt Vinegar Mayonnaise', 'Peach Galette', 'Rose Water Shortbread Cookies', 'Cherry and Plum Bruschetta', 'Blackberry Farm Griddle Cakes', 'Banana Cream Pie', 'Dark-Chocolate Cherry Brownies', 'Sweet Potato Cupcakes', 'Summer-Fruit Cobbler', 'Porcini-Crusted Beef Tenderloin with Truffle Butter Sauce', 'Baked Hawaiian Islands', 'Black Bean Chili with Butternut Squash', 'Gluten-Free Buttermilk Biscuits', 'Spaghetti and Meatballs', 'Planked Beef Fillets with Porcini Slather', 'Homemade Pappardelle with Bolognese Sauce', 'Beef Tenderloin Medallions with Potato ""Risotto""', 'Seared Beef Tenderloin with Thyme', 'Gluten-Free Sesame Sandwich Bread', 'Gluten-Free Blueberry Corn Muffins', 'Gluten-Free Pizza', 'Tangerine Pie—Caramelized Pineapple Turnovers', 'Prime Rib Roast with Red-Wine Sauce', 'Crab Quiche']"
